code,name,sector,market
1301,極洋,水産・農林業,Prime
130A,Ｖｅｒｉｔａｓ　Ｉｎ　Ｓｉｌｉｃｏ,医薬品,Growth
131A,ＣＣＮグループ,情報・通信業,Other
132A,アイエヌホールディングス,陸運業,Other
1332,ニッスイ,水産・農林業,Prime
1333,Ｕｍｉｏｓ,水産・農林業,Prime
134A,アプライズ,サービス業,Other
135A,ＶＲＡＩＮ　Ｓｏｌｕｔｉｏｎ,情報・通信業,Growth
136A,三興商事,建設業,Other
1375,ユキグニファクトリー,水産・農林業,Prime
1376,カネコ種苗,水産・農林業,Standard
1377,サカタのタネ,水産・農林業,Prime
1379,ホクト,水産・農林業,Prime
137A,Ｃｏｃｏｌｉｖｅ,情報・通信業,Growth
1380,秋川牧園,水産・農林業,Standard
1381,アクシーズ,水産・農林業,Standard
1382,ホーブ,水産・農林業,Standard
1383,ベルグアース,水産・農林業,Standard
1384,ホクリヨウ,水産・農林業,Standard
138A,光フードサービス,小売業,Growth
139A,東日本地所,不動産業,Other
1401,エムビーエス,建設業,Growth
1407,ウエストホールディングス,建設業,Standard
1414,ショーボンドホールディングス,建設業,Prime
1417,ミライト・ワン,建設業,Prime
1418,インターライフホールディングス,建設業,Standard
1419,タマホーム,建設業,Prime
141A,トライアルホールディングス,小売業,Growth
1420,サンヨーホームズ,建設業,Standard
1429,日本アクア,建設業,Prime
142A,ジンジブ,サービス業,Growth
1430,ファーストコーポレーション,建設業,Standard
1431,Ｌｉｂ　Ｗｏｒｋ,建設業,Growth
1432,動力,建設業,Other
1433,ベステラ,建設業,Prime
1434,ＪＥＳＣＯホールディングス,建設業,Standard
1435,ｒｏｂｏｔ　ｈｏｍｅ,不動産業,Standard
1436,グリーンエナジー＆カンパニー,建設業,Growth
1438,岐阜造園,建設業,Standard
143A,イシン,サービス業,Growth
1443,技研ホールディングス,建設業,Standard
1444,ニッソウ,建設業,Growth
1445,ひかりホールディングス,建設業,Other
1446,キャンディル,建設業,Standard
1447,ＳＡＡＦホールディングス,建設業,Growth
144A,エネルギーパワー,建設業,Other
1450,ＴＡＮＡＫＥＮ,建設業,Standard
1452,横浜ライト工業,建設業,Other
145A,Ｌ　ｉｓ　Ｂ,情報・通信業,Growth
146A,コロンビア・ワークス,不動産業,Standard
147A,ソラコム,情報・通信業,Growth
148A,ハッチ・ワーク,情報・通信業,Growth
1491,中外鉱業,非鉄金属,Standard
149A,シンカ,情報・通信業,Growth
150A,ＪＳＨ,サービス業,Growth
1514,住石ホールディングス,鉱業,Standard
1515,日鉄鉱業,鉱業,Prime
1518,三井松島ホールディングス,その他製品,Prime
151A,ダイブ,サービス業,Growth
152A,オプティ,卸売業,Other
153A,カウリス,情報・通信業,Growth
154A,ＧＡＩＡ,その他金融業,Other
155A,情報戦略テクノロジー,情報・通信業,Growth
156A,マテリアルグループ,サービス業,Growth
157A,グリーンモンスター,サービス業,Growth
158A,エクセリ,小売業,Other
1605,ＩＮＰＥＸ,鉱業,Prime
160A,アズパートナーズ,サービス業,Standard
161A,三葉,サービス業,Other
164A,アップルパーク,不動産業,Other
1662,石油資源開発,鉱業,Prime
1663,Ｋ＆Ｏエナジーグループ,鉱業,Prime
166A,タスキホールディングス,不動産業,Growth
167A,リョーサン菱洋ホールディングス,卸売業,Prime
168A,イタミアート,その他製品,Growth
1711,ＳＤＳホールディングス,建設業,Standard
1716,第一カッター興業,建設業,Standard
1717,明豊ファシリティワークス,サービス業,Standard
1718,美樹工業,建設業,Standard
1719,安藤・間,建設業,Prime
171A,ゼロジャパン,卸売業,Other
1720,東急建設,建設業,Prime
1721,コムシスホールディングス,建設業,Prime
1723,日本電技,建設業,Standard
1724,シンクレイヤ,建設業,Standard
1726,ビーアールホールディングス,建設業,Prime
172A,ネオホーム,不動産業,Other
1736,オーテック,建設業,Standard
173A,ハンモック,情報・通信業,Growth
1758,太洋基礎工業,建設業,Standard
175A,Ｗｉｌｌ　Ｓｍａｒｔ,情報・通信業,Growth
1762,高松コンストラクショングループ,建設業,Prime
1764,工藤建設,建設業,Standard
1766,東建コーポレーション,建設業,Prime
1768,ソネック,建設業,Standard
1770,藤田エンジニアリング,建設業,Standard
1773,ワイ・ティー・エル・コーポレーション・バーハッド,建設業,Prime
1776,三井住建道路,建設業,Standard
177A,コージンバイオ,化学,Growth
1780,ヤマウラ,建設業,Prime
1783,ｆａｎｔａｓｉｓｔａ,不動産業,Standard
1786,オリエンタル白石,建設業,Prime
1787,ナカボーテック,建設業,Standard
1788,三東工業社,建設業,Standard
1793,大本組,建設業,Standard
1795,マサル,建設業,Standard
1798,守谷商会,建設業,Standard
1799,第一建設工業,建設業,Standard
1801,大成建設,建設業,Prime
1802,大林組,建設業,Prime
1803,清水建設,建設業,Prime
1807,佐藤渡辺,建設業,Standard
1808,長谷工コーポレーション,建設業,Prime
1810,松井建設,建設業,Standard
1811,錢高組,建設業,Standard
1812,鹿島建設,建設業,Prime
1813,不動テトラ,建設業,Prime
1814,大末建設,建設業,Prime
1815,鉄建建設,建設業,Prime
1820,西松建設,建設業,Prime
1822,大豊建設,建設業,Standard
1826,佐田建設,建設業,Standard
1827,ナカノフドー建設,建設業,Standard
1828,田辺工業,建設業,Standard
1833,奥村組,建設業,Prime
1835,東鉄工業,建設業,Prime
1840,土屋ホールディングス,建設業,Standard
1844,大盛工業,建設業,Standard
1847,イチケン,建設業,Standard
1848,富士ピー・エス,建設業,Standard
184A,学びエイド,情報・通信業,Growth
1850,南海辰村建設,建設業,Standard
1852,淺沼組,建設業,Prime
1853,森組,建設業,Standard
185A,リサイクルテック・ジャパン,サービス業,Other
1860,戸田建設,建設業,Prime
1861,熊谷組,建設業,Prime
1866,北野建設,建設業,Standard
1867,植木組,建設業,Standard
186A,アストロスケールホールディングス,サービス業,Growth
1870,矢作建設工業,建設業,Prime
1871,ピーエス・コンストラクション,建設業,Prime
1873,日本ハウスホールディングス,建設業,Prime
1878,大東建託,不動産業,Prime
1879,新日本建設,建設業,Prime
1882,東亜道路工業,建設業,Prime
1885,東亜建設工業,建設業,Prime
1887,日本国土開発,建設業,Prime
1888,若築建設,建設業,Prime
1893,五洋建設,建設業,Prime
1897,金下建設,建設業,Standard
1898,世紀東急工業,建設業,Prime
1899,福田組,建設業,Prime
189A,Ｄ＆Ｍカンパニー,サービス業,Growth
1904,大成温調,建設業,Standard
1905,テノックス,建設業,Standard
1909,日本ドライケミカル,機械,Standard
190A,Ｃｈｏｒｄｉａ　Ｔｈｅｒａｐｅｕｔｉｃｓ,医薬品,Growth
1911,住友林業,建設業,Prime
1914,日本基礎技術,建設業,Standard
191A,ミモザ,サービス業,Other
1921,巴コーポレーション,建設業,Standard
1925,大和ハウス工業,建設業,Prime
1926,ライト工業,建設業,Prime
1928,積水ハウス,建設業,Prime
1929,日特建設,建設業,Prime
192A,インテグループ,サービス業,Growth
1930,北陸電気工事,建設業,Prime
1934,ユアテック,建設業,Prime
1938,日本リーテック,建設業,Prime
1939,四電工,建設業,Prime
1941,中電工,建設業,Prime
1942,関電工,建設業,Prime
1944,きんでん,建設業,Prime
1945,東京エネシス,建設業,Prime
1946,トーエネック,建設業,Prime
1948,弘電社,建設業,Standard
194A,ＷＯＬＶＥＳ　ＨＡＮＤ,サービス業,Growth
1950,日本電設工業,建設業,Prime
1951,エクシオグループ,建設業,Prime
1952,新日本空調,建設業,Prime
1959,クラフティア,建設業,Prime
195A,ＭＵＳＣＡＴ　ＧＲＯＵＰ,サービス業,Growth
1960,サンテック,建設業,Standard
1961,三機工業,建設業,Prime
1963,日揮ホールディングス,建設業,Prime
1964,中外炉工業,建設業,Prime
1965,テクノ菱和,建設業,Standard
1966,高田工業所,建設業,Standard
1967,ヤマト,建設業,Standard
1968,太平電業,建設業,Prime
1969,高砂熱学工業,建設業,Prime
196A,ＭＦＳ,その他金融業,Growth
1972,三晃金属工業,建設業,Standard
1975,朝日工業社,建設業,Prime
1976,明星工業,建設業,Prime
1979,大氣社,建設業,Prime
197A,タウンズ,医薬品,Standard
1980,ダイダン,建設業,Prime
1981,協和日成,建設業,Standard
1982,日比谷総合設備,建設業,Prime
198A,ＰｏｓｔＰｒｉｍｅ,情報・通信業,Growth
1992,神田通信機,建設業,Standard
1994,高橋カーテンウォール工業,建設業,Standard
1997,暁飯島工業,建設業,Standard
199A,メディエア,情報・通信業,Other
2001,ニップン,食料品,Prime
2002,日清製粉グループ本社,食料品,Prime
2003,日東富士製粉,食料品,Standard
2004,昭和産業,食料品,Prime
2009,鳥越製粉,食料品,Standard
202A,豆蔵,情報・通信業,Growth
203A,シュンビン,サービス業,Other
204A,タイヨーパッケージ,パルプ・紙,Other
2053,中部飼料,食料品,Prime
2055,日和産業,食料品,Standard
205A,ロゴスホールディングス,建設業,Growth
2060,フィード・ワン,食料品,Prime
206A,ＰＲＩＳＭ　ＢｉｏＬａｂ,医薬品,Growth
207A,ライジングコーポレーション,建設業,Other
208A,構造計画研究所ホールディングス,情報・通信業,Standard
209A,小野谷機工,機械,Other
2108,日本甜菜製糖,食料品,Prime
2109,ＤＭ三井製糖,食料品,Prime
2112,塩水港精糖,食料品,Standard
2114,フジ日本,食料品,Standard
2117,ウェルネオシュガー,食料品,Prime
211A,カドス・コーポレーション,建設業,Standard
2120,ＬＩＦＵＬＬ,サービス業,Prime
2121,ＭＩＸＩ,情報・通信業,Prime
2122,インタースペース,サービス業,Standard
2124,ジェイエイシーリクルートメント,サービス業,Prime
2127,日本Ｍ＆Ａセンターホールディングス,サービス業,Prime
212A,フィットイージー,サービス業,Prime
2130,メンバーズ,サービス業,Prime
2134,北浜キャピタルパートナーズ,サービス業,Standard
2136,ヒップ,サービス業,Standard
2138,クルーズ,情報・通信業,Standard
2139,中広,サービス業,Standard
2146,ＵＴグループ,サービス業,Prime
2148,アイティメディア,サービス業,Prime
2152,幼児活動研究会,サービス業,Standard
2153,Ｅ・Ｊホールディングス,サービス業,Prime
2154,オープンアップグループ,サービス業,Prime
2156,セーラー広告,サービス業,Standard
2157,コシダカホールディングス,サービス業,Prime
2158,ＦＲＯＮＴＥＯ,サービス業,Growth
215A,タイミー,サービス業,Growth
2160,ジーエヌアイグループ,医薬品,Growth
2162,ｎｍｓ　ホールディングス,サービス業,Standard
2163,アルトナー,サービス業,Prime
2164,地域新聞社,サービス業,Standard
2168,パソナグループ,サービス業,Prime
2169,ＣＤＳ,サービス業,Standard
216A,ライフクリエイト,小売業,Other
2170,リンクアンドモチベーション,サービス業,Prime
2173,博展,サービス業,Growth
2175,エス・エム・エス,サービス業,Prime
2179,成学社,サービス業,Standard
217A,サポート,サービス業,Other
2180,サニーサイドアップグループ,サービス業,Standard
2181,パーソルホールディングス,サービス業,Prime
2183,リニカル,サービス業,Standard
2185,シイエム・シイ,サービス業,Standard
2186,ソーバル,サービス業,Standard
218A,Ｌｉｂｅｒａｗａｒｅ,精密機器,Growth
2193,クックパッド,サービス業,Standard
2195,アミタホールディングス,サービス業,Growth
2198,アイ・ケイ・ケイホールディングス,サービス業,Prime
219A,Ｈｅａｒｔｓｅｅｄ,医薬品,Growth
2201,森永製菓,食料品,Prime
2204,中村屋,食料品,Standard
2206,江崎グリコ,食料品,Prime
2207,ｍｅｉｔｏ,食料品,Prime
2208,ブルボン,食料品,Standard
2209,井村屋グループ,食料品,Prime
220A,Ｆａｂｅｒ　Ｃｏｍｐａｎｙ,情報・通信業,Standard
2211,不二家,食料品,Prime
2212,山崎製パン,食料品,Prime
2215,第一屋製パン,食料品,Standard
2216,カンロ,食料品,Standard
2217,モロゾフ,食料品,Prime
2220,亀田製菓,食料品,Prime
2221,岩塚製菓,食料品,Standard
2222,寿スピリッツ,食料品,Prime
2224,コモ,食料品,Standard
2226,湖池屋,食料品,Standard
2229,カルビー,食料品,Prime
222A,ＮＩＣＳ,情報・通信業,Other
2264,森永乳業,食料品,Prime
2266,六甲バター,食料品,Prime
2267,ヤクルト本社,食料品,Prime
2268,Ｂ－Ｒ　サーティワン　アイスクリーム,食料品,Standard
2269,明治ホールディングス,食料品,Prime
226A,勝美ジャパン,食料品,Other
2270,雪印メグミルク,食料品,Prime
227A,ＩＮＳＩＧＨＴ　ＬＡＢ,情報・通信業,Other
2281,プリマハム,食料品,Prime
2282,日本ハム,食料品,Prime
2286,林兼産業,食料品,Standard
2288,丸大食品,食料品,Prime
228A,オプロ,情報・通信業,Growth
2291,福留ハム,食料品,Standard
2292,Ｓ　Ｆｏｏｄｓ,食料品,Prime
2293,滝沢ハム,食料品,Standard
2294,柿安本店,食料品,Prime
2296,伊藤ハム米久ホールディングス,食料品,Prime
229A,アスミホールディングス,建設業,Other
2300,きょくとう,サービス業,Standard
2301,学情,サービス業,Prime
2303,ドーン,情報・通信業,Standard
2304,ＣＳＳホールディングス,サービス業,Standard
2305,スタジオアリス,サービス業,Standard
2307,クロスキャット,情報・通信業,Prime
2311,エプコ,サービス業,Standard
2315,ＣＡＩＣＡ　ＤＩＧＩＴＡＬ,情報・通信業,Standard
2317,システナ,情報・通信業,Prime
2321,ソフトフロントホールディングス,情報・通信業,Growth
2323,ｆｏｎｆｕｎ,情報・通信業,Standard
2325,ＮＪＳ,サービス業,Prime
2326,デジタルアーツ,情報・通信業,Prime
2327,日鉄ソリューションズ,情報・通信業,Prime
2329,東北新社,情報・通信業,Standard
2330,フォーサイド,情報・通信業,Standard
2331,ＡＬＳＯＫ,サービス業,Prime
2332,クエスト,情報・通信業,Standard
2334,イオレ,サービス業,Growth
2335,キューブシステム,情報・通信業,Prime
2337,いちご,不動産業,Prime
2338,クオンタムソリューションズ,情報・通信業,Standard
2340,極楽湯ホールディングス,サービス業,Standard
2341,アルバイトタイムス,サービス業,Standard
2342,トランスジェニックグループ,サービス業,Standard
2344,平安レイサービス,サービス業,Standard
2345,ＨＯＤＬ１,情報・通信業,Standard
2349,エヌアイデイ,情報・通信業,Standard
2351,ＡＳＪ,情報・通信業,Standard
2353,日本駐車場開発,不動産業,Prime
2354,ＹＥ　ＤＩＧＩＴＡＬ,情報・通信業,Standard
2359,コア,情報・通信業,Prime
2370,メディネット,サービス業,Growth
2371,カカクコム,サービス業,Prime
2373,ケア２１,サービス業,Standard
2375,ギグワークス,サービス業,Standard
2376,サイネックス,サービス業,Standard
2378,ルネサンス,サービス業,Prime
2379,ディップ,サービス業,Prime
2384,ＳＢＳホールディングス,陸運業,Prime
2385,総医研ホールディングス,サービス業,Growth
2388,ウェッジホールディングス,その他金融業,Growth
2391,プラネット,サービス業,Standard
2393,日本ケアサプライ,サービス業,Standard
2395,新日本科学,サービス業,Prime
239A,バレッグス,不動産業,Other
2404,鉄人化ホールディングス,サービス業,Standard
2408,ＫＧ情報,サービス業,Standard
2410,キャリアデザインセンター,サービス業,Prime
2411,ゲンダイエージェンシー,情報・通信業,Standard
2413,エムスリー,サービス業,Prime
2415,ヒューマンホールディングス,サービス業,Standard
2418,ツカダ・グローバルホールディング,サービス業,Standard
241A,ＲＯＸＸ,情報・通信業,Growth
2424,ブラス,サービス業,Standard
2425,ケアサービス,サービス業,Standard
2428,ウェルネット,サービス業,Standard
2429,ワールドホールディングス,サービス業,Prime
2432,ディー・エヌ・エー,情報・通信業,Prime
2433,博報堂ＤＹホールディングス,サービス業,Prime
2435,シダー,サービス業,Standard
2436,共同ピーアール,サービス業,Standard
2437,Ｓｈｉｎｗａ　Ｗｉｓｅ　Ｈｏｌｄｉｎｇｓ,サービス業,Standard
2438,アスカネット,サービス業,Growth
243A,トップス,食料品,Other
2440,ぐるなび,サービス業,Standard
2445,タカミヤ,サービス業,Standard
2449,プラップジャパン,サービス業,Standard
244A,グロースエクスパートナーズ,情報・通信業,Growth
2452,コンピュータマインド,情報・通信業,Other
2454,オールアバウト,サービス業,Standard
2459,アウンコンサルティング,サービス業,Standard
245A,ＩＮＧＳ,小売業,Growth
2461,ファンコミュニケーションズ,サービス業,Prime
2462,ライク,サービス業,Prime
2464,Ａｏｂａ‐ＢＢＴ,サービス業,Standard
2469,ヒビノ,サービス業,Standard
246A,アスア,サービス業,Growth
2471,エスプール,サービス業,Prime
2475,ＷＤＢホールディングス,サービス業,Prime
2477,手間いらず,情報・通信業,Standard
2479,ジェイテック,サービス業,Standard
247A,Ａｉロボティクス,化学,Growth
2480,システム・ロケーション,情報・通信業,Standard
2481,タウンニュース社,サービス業,Standard
2483,翻訳センター,サービス業,Standard
2484,出前館,情報・通信業,Standard
2485,ティア,サービス業,Standard
2488,ＪＴＰ,サービス業,Standard
2489,アドウェイズ,サービス業,Standard
248A,キッズスター,情報・通信業,Growth
2491,バリューコマース,サービス業,Prime
2492,インフォマート,サービス業,Prime
2493,イーサポートリンク,サービス業,Standard
2497,ユナイテッド,サービス業,Growth
2498,オリエンタルコンサルタンツホールディングス,サービス業,Standard
2499,日本和装ホールディングス,サービス業,Standard
249A,ヒューマンアジャスト,サービス業,Other
2501,サッポロホールディングス,食料品,Prime
2502,アサヒグループホールディングス,食料品,Prime
2503,キリンホールディングス,食料品,Prime
250A,シマダヤ,食料品,Standard
251A,ニューロマジック,サービス業,Other
252A,ウェッジ,小売業,Other
2531,宝ホールディングス,食料品,Prime
2533,オエノンホールディングス,食料品,Prime
253A,ＥＴＳグループ,建設業,Standard
2540,養命酒製造,食料品,Prime
254A,ＡＩフュージョンキャピタルグループ,証券、商品先物取引業,Standard
255A,ジーエルテクノホールディングス,精密機器,Standard
256A,飛島ホールディングス,建設業,Prime
2573,北海道コカ・コーラボトリング,食料品,Standard
2579,コカ・コーラ　ボトラーズジャパンホールディングス,食料品,Prime
2585,ライフドリンク　カンパニー,食料品,Prime
2586,フルッタフルッタ,食料品,Growth
2587,サントリー食品インターナショナル,食料品,Prime
2588,プレミアムウォーターホールディングス,食料品,Standard
2590,ダイドーグループホールディングス,食料品,Prime
2593,伊藤園,食料品,Prime
2593,伊藤園第１種優先株式,食料品,Prime
2594,キーコーヒー,食料品,Prime
2597,ユニカフェ,食料品,Standard
2602,日清オイリオグループ,食料品,Prime
2607,不二製油,食料品,Prime
2612,かどや製油,食料品,Standard
2613,Ｊ－オイルミルズ,食料品,Prime
261A,日水コン,サービス業,Standard
262A,インターメスティック,小売業,Prime
263A,デジタルキューブ,情報・通信業,Other
264A,Ｓｃｈｏｏ,サービス業,Growth
2652,まんだらけ,小売業,Standard
2653,イオン九州,小売業,Standard
2654,アスモ,小売業,Standard
2656,ベクターホールディングス,小売業,Standard
2659,サンエー,小売業,Prime
265A,Ｈｍｃｏｍｍ,情報・通信業,Growth
2664,カワチ薬品,小売業,Prime
2666,オートウェーブ,小売業,Standard
2667,イメージ　ワン,卸売業,Standard
2668,タビオ,卸売業,Standard
2669,カネ美食品,小売業,Standard
266A,グローカルマーケティング,サービス業,Other
2670,エービーシー・マート,小売業,Prime
2673,夢みつけ隊,小売業,Standard
2674,ハードオフコーポレーション,小売業,Prime
2676,高千穂交易,卸売業,Prime
2678,アスクル,小売業,Prime
267A,トワライズ,その他金融業,Other
2681,ゲオホールディングス,小売業,Prime
2683,魚喜,小売業,Standard
2685,アンドエスティＨＤ,小売業,Prime
2686,ジーフット,小売業,Standard
2687,シー・ヴイ・エス・ベイエリア,サービス業,Standard
2689,オルバヘルスケアホールディングス,卸売業,Standard
268A,リガク・ホールディングス,精密機器,Prime
2692,伊藤忠食品,卸売業,Prime
2693,ＹＫＴ,卸売業,Standard
2694,焼肉坂井ホールディングス,小売業,Standard
2695,くら寿司,小売業,Prime
2698,キャンドゥ,小売業,Standard
269A,Ｓａｐｅｅｔ,情報・通信業,Growth
2700,木徳神糧,卸売業,Standard
2702,日本マクドナルドホールディングス,小売業,Standard
2705,大戸屋ホールディングス,小売業,Standard
2708,久世,卸売業,Standard
271A,アクセリア,情報・通信業,Other
2721,ジェイホールディングス,卸売業,Standard
2722,ＩＫホールディングス,小売業,Standard
2726,パルグループホールディングス,小売業,Prime
2730,エディオン,小売業,Prime
2733,あらた,卸売業,Prime
2734,サーラコーポレーション,小売業,Prime
2735,ワッツ,小売業,Standard
2736,フェスタリアホールディングス,小売業,Standard
2737,トーメンデバイス,卸売業,Prime
2742,ハローズ,小売業,Prime
2747,北雄ラッキー,小売業,Standard
2749,ＪＰホールディングス,サービス業,Prime
274A,ガーデン,小売業,Standard
2750,石光商事,卸売業,Standard
2751,テンポスホールディングス,卸売業,Standard
2752,フジオフードグループ本社,小売業,Prime
2753,あみやき亭,小売業,Prime
2760,東京エレクトロン　デバイス,卸売業,Prime
2762,ＳＡＮＫＯ　ＭＡＲＫＥＴＩＮＧ　ＦＯＯＤＳ,小売業,Standard
2763,エフティグループ,卸売業,Standard
2764,ひらまつ,小売業,Standard
2767,円谷フィールズホールディングス,卸売業,Prime
2768,双日,卸売業,Prime
2769,ヴィレッジヴァンガードコーポレーション,小売業,Standard
276A,ククレブ・アドバイザーズ,不動産業,Growth
2776,新都ホールディングス,卸売業,Standard
2778,パレモ・ホールディングス,小売業,Standard
277A,グロービング,サービス業,Growth
2780,コメ兵ホールディングス,小売業,Standard
2782,セリア,小売業,Standard
2784,アルフレッサ　ホールディングス,卸売業,Prime
2788,アップルインターナショナル,卸売業,Standard
2789,カルラ,小売業,Standard
278A,Ｔｅｒｒａ　Ｄｒｏｎｅ,精密機器,Growth
2790,ナフコ,小売業,Standard
2791,大黒天物産,小売業,Prime
2792,ハニーズホールディングス,小売業,Prime
2795,日本プリメックス,卸売業,Standard
2796,ファーマライズホールディングス,小売業,Standard
2798,ワイズテーブルコーポレーション,小売業,Standard
279A,インターグ,サービス業,Other
2801,キッコーマン,食料品,Prime
2802,味の素,食料品,Prime
2804,ブルドックソース,食料品,Prime
2805,ヱスビー食品,食料品,Standard
2806,ユタカフーズ,食料品,Standard
2809,キユーピー,食料品,Prime
280A,ＴＭＨ,卸売業,Growth
2810,ハウス食品グループ本社,食料品,Prime
2811,カゴメ,食料品,Prime
2813,和弘食品,食料品,Standard
2814,佐藤食品工業,食料品,Standard
2815,アリアケジャパン,食料品,Prime
2816,ダイショー,食料品,Standard
2818,ピエトロ,食料品,Standard
2819,エバラ食品工業,食料品,Standard
281A,インフォメティス,情報・通信業,Growth
2820,やまみ,食料品,Standard
2831,はごろもフーズ,食料品,Standard
284A,フクヤ建設,建設業,Other
285A,キオクシアホールディングス,電気機器,Prime
286A,ユカリア,サービス業,Growth
2871,ニチレイ,食料品,Prime
2872,セイヒョー,食料品,Standard
2874,横浜冷凍,卸売業,Prime
2875,東洋水産,食料品,Prime
2876,デルソーレ,食料品,Standard
2877,日東ベスト,食料品,Standard
287A,黒田グループ,卸売業,Standard
2882,イートアンドホールディングス,食料品,Prime
2883,大冷,食料品,Standard
2884,ヨシムラ・フード・ホールディングス,食料品,Prime
288A,ラクサス・テクノロジーズ,サービス業,Growth
2892,日本食品化工,食料品,Standard
2894,石井食品,食料品,Standard
2897,日清食品ホールディングス,食料品,Prime
2901,ウェルディッシュ,食料品,Standard
2903,シノブフーズ,食料品,Standard
2904,一正蒲鉾,食料品,Standard
2907,あじかん,食料品,Standard
2908,フジッコ,食料品,Prime
290A,Ｓｙｎｓｐｅｃｔｉｖｅ,情報・通信業,Growth
2910,ロック・フィールド,食料品,Prime
2911,旭松食品,食料品,Standard
2914,日本たばこ産業,食料品,Prime
2915,ケンコーマヨネーズ,食料品,Prime
2916,仙波糖化工業,食料品,Standard
2917,大森屋,食料品,Standard
2918,わらべや日洋ホールディングス,食料品,Prime
291A,リスキル,サービス業,Growth
2922,なとり,食料品,Prime
2923,サトウ食品,食料品,Standard
2924,イフジ産業,食料品,Standard
2926,篠崎屋,食料品,Standard
2927,ＡＦＣ－ＨＤアムスライフサイエンス,食料品,Standard
2929,ファーマフーズ,食料品,Prime
292A,エスアイイー,サービス業,Other
2930,北の達人コーポレーション,化学,Prime
2931,ユーグレナ,食料品,Prime
2932,ＳＴＩフードホールディングス,食料品,Standard
2933,紀文食品,食料品,Prime
2934,ジェイフロンティア,食料品,Growth
2935,ピックルスホールディングス,食料品,Prime
2936,ベースフード,食料品,Growth
2937,サンクゼール,食料品,Growth
2938,オカムラ食品工業,食料品,Standard
293A,ＢＡＢＹ　ＪＯＢ,小売業,Other
2961,日本調理機,金属製品,Standard
2962,テクニスコ,金属製品,Standard
296A,令和アカウンティング・ホールディングス,サービス業,Growth
2970,ＧＬＣ　ＧＲＯＵＰ,不動産業,Standard
2975,スター・マイカ・ホールディングス,不動産業,Prime
2978,ツクルバ,不動産業,Growth
297A,アルピコホールディングス,小売業,Standard
2980,ＳＲＥホールディングス,不動産業,Prime
2981,ランディックス,不動産業,Growth
2982,ＡＤワークスグループ,不動産業,Prime
2983,アールプランナー,不動産業,Growth
2984,ヤマイチエステート,不動産業,Standard
2985,ファーストステージ,不動産業,Other
2986,ＬＡホールディングス,不動産業,Growth
298A,ＧＶＡ　ＴＥＣＨ,情報・通信業,Growth
2990,アイダ設計,不動産業,Other
2991,ランドネット,不動産業,Standard
2992,アーバンライク,不動産業,Other
2993,長栄,不動産業,Standard
2994,アンサーホールディングス,不動産業,Other
2995,ジェイレックス・コーポレーション,不動産業,Other
2997,ストレージ王,不動産業,Growth
2998,クリアル,不動産業,Growth
2999,ホームポジション,不動産業,Standard
299A,クラシル,サービス業,Growth
3001,片倉工業,繊維製品,Standard
3002,グンゼ,繊維製品,Prime
3003,ヒューリック,不動産業,Prime
3004,神栄,卸売業,Standard
300A,ＭＩＣ,サービス業,Standard
3010,ポラリス・ホールディングス,サービス業,Standard
3011,バナーズ,小売業,Standard
301A,インデックス,不動産業,Other
3020,アプライド,小売業,Standard
3021,パシフィックネット,サービス業,Standard
3023,ラサ商事,卸売業,Standard
3024,クリエイト,卸売業,Standard
3028,アルペン,小売業,Prime
302A,ビースタイルホールディングス,サービス業,Growth
3030,ハブ,小売業,Standard
3031,ラクーンホールディングス,情報・通信業,Prime
3034,クオールホールディングス,小売業,Prime
3035,ケイティケイ,卸売業,Standard
3036,アルコニックス,卸売業,Prime
3038,神戸物産,卸売業,Prime
303A,ｖｉｓｕｍｏ,情報・通信業,Growth
3040,ソリトンシステムズ,情報・通信業,Prime
3041,ビューティカダンホールディングス,卸売業,Standard
3042,セキュアヴェイル,情報・通信業,Standard
3045,カワサキ,卸売業,Standard
3046,ジンズホールディングス,小売業,Prime
3048,ビックカメラ,小売業,Prime
304A,フォルシア,情報・通信業,Growth
3050,ＤＣＭホールディングス,小売業,Prime
3053,ペッパーフードサービス,小売業,Standard
3054,ハイパー,卸売業,Standard
3058,三洋堂ホールディングス,小売業,Standard
3059,ヒラキ,小売業,Standard
305A,ダブルツリー,小売業,Other
3063,ジェイグループホールディングス,小売業,Growth
3064,ＭｏｎｏｔａＲＯ,小売業,Prime
3065,ライフフーズ,小売業,Standard
3067,東京一番フーズ,小売業,Standard
3068,ＷＤＩ,小売業,Standard
3069,ＪＦＬＡホールディングス,食料品,Standard
3070,ジェリービーンズグループ,卸売業,Growth
3071,ストリーム,小売業,Standard
3075,銚子丸,小売業,Standard
3076,あい　ホールディングス,卸売業,Prime
3077,ホリイフードサービス,小売業,Standard
3079,ディーブイエックス,卸売業,Standard
307A,ハウジング・スタッフ,建設業,Other
3080,ジェーソン,小売業,Standard
3082,きちりホールディングス,小売業,Standard
3083,スターシーズ,小売業,Standard
3086,Ｊ．フロント　リテイリング,小売業,Prime
3087,ドトール・日レスホールディングス,小売業,Prime
3088,マツキヨココカラ＆カンパニー,小売業,Prime
3089,テクノアルファ,卸売業,Standard
308A,ぽすとめいとホールディングス,サービス業,Other
3091,ブロンコビリー,小売業,Prime
3092,ＺＯＺＯ,小売業,Prime
3093,トレジャー・ファクトリー,小売業,Prime
3096,オーシャンシステム,小売業,Standard
3097,物語コーポレーション,小売業,Prime
3099,三越伊勢丹ホールディングス,小売業,Prime
309A,コスモス調剤,小売業,Other
3101,東洋紡,化学,Prime
3103,ユニチカ,繊維製品,Prime
3104,富士紡ホールディングス,繊維製品,Prime
3105,日清紡ホールディングス,電気機器,Prime
3106,倉敷紡績,繊維製品,Prime
3107,ダイワボウホールディングス,卸売業,Prime
3109,シキボウ,繊維製品,Prime
310A,サーティーフォー,不動産業,Other
3110,日東紡績,ガラス・土石製品,Prime
3111,オーミケンシ,繊維製品,Standard
3113,ＵＮＩＶＡ・Ｏａｋホールディングス,証券、商品先物取引業,Standard
3116,トヨタ紡織,輸送用機器,Prime
311A,ＮＰＴ,医薬品,Other
3121,マーチャント・バンカーズ,サービス業,Standard
3123,サイボー,繊維製品,Standard
312A,シンコーホールディングス,建設業,Other
3131,シンデン・ハイテックス,卸売業,Standard
3132,マクニカホールディングス,卸売業,Prime
3133,海帆,小売業,Growth
3134,Ｈａｍｅｅ,小売業,Standard
3135,マーケットエンタープライズ,小売業,Standard
3137,ファンデリー,小売業,Growth
3138,富士山マガジンサービス,小売業,Standard
3139,ラクト・ジャパン,卸売業,Prime
3140,ＢＲＵＮＯ,卸売業,Growth
3143,オーウイル,卸売業,Standard
3148,クリエイトＳＤホールディングス,小売業,Prime
3150,グリムス,電気・ガス業,Prime
3151,バイタルケーエスケー・ホールディングス,卸売業,Prime
3153,八洲電機,卸売業,Prime
3154,メディアスホールディングス,卸売業,Prime
3156,レスター,卸売業,Prime
3157,ジオリーブグループ,卸売業,Standard
3159,丸善ＣＨＩホールディングス,小売業,Standard
3160,大光,卸売業,Standard
3161,アゼアス,卸売業,Standard
3166,ＯＣＨＩホールディングス,卸売業,Standard
3167,ＴＯＫＡＩホールディングス,卸売業,Prime
3168,ＭＥＲＦ,卸売業,Standard
3169,ミサワ,小売業,Standard
3172,ティーライフ,小売業,Standard
3173,Ｃｏｍｉｎｉｘ,卸売業,Standard
3174,ハピネス・アンド・ディ,小売業,Standard
3175,エー・ピーホールディングス,小売業,Standard
3176,三洋貿易,卸売業,Prime
3177,ありがとうサービス,小売業,Standard
3178,チムニー,小売業,Standard
3179,シュッピン,小売業,Prime
317A,エス・エム・エス・データテック,情報・通信業,Other
3180,ビューティガレージ,卸売業,Prime
3181,買取王国,小売業,Standard
3182,オイシックス・ラ・大地,小売業,Prime
3183,ウイン・パートナーズ,卸売業,Prime
3184,ＩＣＤＡホールディングス,小売業,Standard
3185,夢展望,小売業,Growth
3186,ネクステージ,小売業,Prime
3187,ミラタップ,小売業,Growth
3189,ＡＮＡＰホールディングス,小売業,Standard
3190,ホットマン,小売業,Standard
3191,ジョイフル本田,小売業,Prime
3192,白鳩,小売業,Standard
3193,エターナルホスピタリティグループ,小売業,Prime
3195,ジェネレーションパス,小売業,Growth
3196,ホットランドホールディングス,小売業,Prime
3197,すかいらーくホールディングス,小売業,Prime
3198,ＳＦＰホールディングス,小売業,Prime
3199,綿半ホールディングス,小売業,Prime
319A,技術承継機構,金属製品,Growth
3201,日本毛織,繊維製品,Prime
3202,ダイトウボウ,繊維製品,Standard
3204,トーア紡コーポレーション,繊維製品,Standard
3205,ダイドーリミテッド,繊維製品,Standard
320A,Ｄ＆Ｉ,サービス業,Other
321A,ヒューマンステージホールディングス,サービス業,Other
3221,ヨシックスホールディングス,小売業,Prime
3222,ユナイテッド・スーパーマーケット・ホールディングス,小売業,Standard
3223,エスエルディー,小売業,Standard
3224,ゼネラル・オイスター,小売業,Growth
322A,ヒメジ理化,ガラス・土石製品,Other
3231,野村不動産ホールディングス,不動産業,Prime
3232,三重交通グループホールディングス,不動産業,Prime
3236,プロパスト,不動産業,Standard
3237,イントランス,不動産業,Growth
3238,セントラル総合開発,不動産業,Standard
323A,フライヤー,情報・通信業,Growth
3241,ウィル,不動産業,Standard
3242,アーバネットコーポレーション,不動産業,Standard
3245,ディア・ライフ,不動産業,Prime
3246,コーセーアールイー,不動産業,Standard
3248,アールエイジ,不動産業,Standard
324A,ブッキングリゾート,サービス業,Growth
3252,地主,不動産業,Prime
325A,ＴＥＮＴＩＡＬ,繊維製品,Growth
3261,グランディーズ,不動産業,Growth
3266,ファンドクリエーショングループ,不動産業,Standard
3267,フィル・カンパニー,建設業,Standard
326A,ａｅｒｏ　ｌａｂ　ｉｎｔｅｒｎａｔｉｏｎａｌ,卸売業,Other
3271,ＴＨＥグローバル社,不動産業,Standard
3276,ＪＰＭＣ,不動産業,Prime
3277,サンセイランディック,不動産業,Standard
3280,エストラスト,不動産業,Standard
3284,フージャースホールディングス,不動産業,Prime
3286,トラストホールディングス,不動産業,Standard
3288,オープンハウスグループ,不動産業,Prime
3289,東急不動産ホールディングス,不動産業,Prime
3291,飯田グループホールディングス,不動産業,Prime
3293,アズマハウス,不動産業,Standard
3294,イーグランド,不動産業,Standard
3297,東武住販,不動産業,Standard
3299,ムゲンエステート,不動産業,Standard
329A,ジールアソシエイツ,サービス業,Other
3300,アンビション　ＤＸ　ホールディングス,不動産業,Growth
3302,帝国繊維,繊維製品,Prime
3306,日本製麻,卸売業,Standard
330A,ＴａｌｅｎｔＸ,情報・通信業,Growth
3315,日本コークス工業,石油・石炭製品,Prime
3317,フライングガーデン,小売業,Standard
331A,メディックス,サービス業,Standard
3320,クロスプラス,卸売業,Standard
3321,ミタチ産業,卸売業,Standard
3323,レカム,卸売業,Standard
3326,ランシステム,サービス業,Standard
3329,東和フードサービス,小売業,Standard
332A,ミーク,情報・通信業,Growth
3333,あさひ,小売業,Prime
333A,テクノスマイル,サービス業,Other
3349,コスモス薬品,小売業,Prime
334A,ビジュアル・プロセッシング・ジャパン,情報・通信業,Growth
3350,メタプラネット,卸売業,Standard
3352,バッファロー,小売業,Standard
3353,メディカル一光グループ,小売業,Standard
3355,クリヤマホールディングス,卸売業,Standard
3358,Ｔｒａｉｌｈｅａｄ　Ｇｌｏｂａｌ　Ｈｏｌｄｉｎｇｓ,小売業,Standard
3359,ｃｏｔｔａ,卸売業,Growth
335A,ミライロ,情報・通信業,Growth
3360,シップヘルスケアホールディングス,卸売業,Prime
3361,トーエル,小売業,Standard
336A,ダイナミックマッププラットフォーム,情報・通信業,Growth
3370,フジタコーポレーション,小売業,Standard
3371,ソフトクリエイトホールディングス,情報・通信業,Prime
3372,関門海,小売業,Standard
3374,内外テック,卸売業,Standard
3375,ＺＯＡ,小売業,Standard
3377,バイク王＆カンパニー,卸売業,Standard
3382,セブン＆アイ・ホールディングス,小売業,Prime
3386,コスモ・バイオ,卸売業,Standard
3387,クリエイト・レストランツ・ホールディングス,小売業,Prime
3388,明治電機工業,卸売業,Prime
338A,ＺｅｎｍｕＴｅｃｈ,情報・通信業,Growth
3391,ツルハホールディングス,小売業,Prime
3392,デリカフーズホールディングス,卸売業,Standard
3393,スターティアホールディングス,卸売業,Prime
3395,サンマルクホールディングス,小売業,Prime
3396,フェリシモ,小売業,Standard
3397,トリドールホールディングス,小売業,Prime
3399,丸千代山岡家,小売業,Standard
339A,プログレス・テクノロジーズ　グループ,サービス業,Growth
3401,帝人,繊維製品,Prime
3402,東レ,繊維製品,Prime
3405,クラレ,化学,Prime
3407,旭化成,化学,Prime
3409,北紡,繊維製品,Standard
340A,ジグザグ,情報・通信業,Growth
3415,ＴＯＫＹＯ　ＢＡＳＥ,小売業,Prime
3416,ピクスタ,小売業,Standard
3417,大木ヘルスケアホールディングス,卸売業,Standard
3418,バルニバービ,小売業,Growth
341A,トヨコー,建設業,Growth
3420,ケー・エフ・シー,金属製品,Standard
3421,稲葉製作所,金属製品,Standard
3422,Ｊ－ＭＡＸ,金属製品,Standard
3423,エスイー,金属製品,Standard
3426,アトムリビンテック,金属製品,Standard
3431,宮地エンジニアリンググループ,金属製品,Prime
3433,トーカロ,金属製品,Prime
3434,アルファＣｏ,金属製品,Standard
3435,サンコーテクノ,金属製品,Standard
3436,ＳＵＭＣＯ,金属製品,Prime
3437,特殊電極,金属製品,Standard
3439,三ツ知,金属製品,Standard
343A,ＩＡＣＥトラベル,サービス業,Standard
3440,日創グループ,金属製品,Standard
3441,山王,金属製品,Standard
3443,川田テクノロジーズ,金属製品,Prime
3444,菊池製作所,金属製品,Standard
3445,ＲＳ　Ｔｅｃｈｎｏｌｏｇｉｅｓ,金属製品,Prime
3446,ジェイテックコーポレーション,金属製品,Standard
3447,信和,金属製品,Standard
3448,清鋼材,金属製品,Other
3449,テクノフレックス,金属製品,Standard
3450,サトウ産業,金属製品,Other
3452,ビーロット,不動産業,Standard
3454,ファーストブラザーズ,不動産業,Standard
3457,Ａｎｄ　Ｄｏホールディングス,不動産業,Prime
3461,パルマ,不動産業,Standard
3465,ケイアイスター不動産,不動産業,Prime
3467,アグレ都市デザイン,不動産業,Standard
3469,デュアルタップ,不動産業,Standard
3474,Ｇ－ＦＡＣＴＯＲＹ,不動産業,Growth
3475,グッドコムアセット,不動産業,Prime
3477,フォーライフ,不動産業,Growth
3479,ティーケーピー,不動産業,Growth
347A,ＧＲＯＷＴＨ　ＰＯＷＥＲ,卸売業,Other
3480,ジェイ・エス・ビー,不動産業,Prime
3482,ロードスターキャピタル,不動産業,Prime
3483,翔栄,不動産業,Other
3484,イノベーションホールディングス,不動産業,Standard
3486,グローバル・リンク・マネジメント,不動産業,Prime
3489,フェイスネットワーク,不動産業,Standard
3490,アズ企画設計,不動産業,Standard
3491,ＧＡ　ｔｅｃｈｎｏｌｏｇｉｅｓ,不動産業,Growth
3494,マリオン,不動産業,Standard
3495,香陵住販,不動産業,Standard
3496,アズーム,不動産業,Prime
3498,霞ヶ関キャピタル,不動産業,Prime
3501,ＳＵＭＩＮＯＥ,繊維製品,Prime
350A,デジタルグリッド,電気・ガス業,Growth
3512,日本フエルト,繊維製品,Standard
3513,イチカワ,繊維製品,Standard
351A,アクシスＩＴパートナーズ,情報・通信業,Other
3521,テルマー湯ホールディングス,サービス業,Standard
3524,日東製網,繊維製品,Standard
3529,アツギ,繊維製品,Standard
352A,ＬＯＩＶＥ,サービス業,Growth
3536,アクサスホールディングス,小売業,Standard
3537,昭栄薬品,卸売業,Standard
3538,ウイルプラスホールディングス,小売業,Standard
3539,ＪＭホールディングス,小売業,Prime
3541,農業総合研究所,卸売業,Growth
3542,ベガコーポレーション,小売業,Growth
3543,コメダホールディングス,卸売業,Prime
3544,サツドラホールディングス,小売業,Standard
3546,アレンザホールディングス,小売業,Prime
3547,ユニシアホールディングス,小売業,Standard
3548,バロックジャパンリミテッド,小売業,Prime
3549,クスリのアオキホールディングス,小売業,Prime
3550,スタジオアタオ,小売業,Growth
3551,ダイニック,繊維製品,Standard
3553,共和レザー,化学,Standard
3556,リネットジャパングループ,小売業,Growth
3557,ユナイテッド＆コレクティブ,小売業,Growth
3558,ジェイドグループ,小売業,Growth
3559,ピーバンドットコム,卸売業,Standard
355A,ナウビレッジ,サービス業,Other
3560,ほぼ日,小売業,Standard
3561,力の源ホールディングス,小売業,Prime
3562,Ｎｏ．１,卸売業,Standard
3563,ＦＯＯＤ　＆　ＬＩＦＥ　ＣＯＭＰＡＮＩＥＳ,小売業,Prime
3565,アセンテック,卸売業,Standard
3566,ユニフォームネクスト,小売業,Growth
3569,セーレン,繊維製品,Prime
3571,ソトー,繊維製品,Standard
3577,東海染工,繊維製品,Standard
357A,エフアンドエフ,小売業,Other
3580,小松マテーレ,繊維製品,Prime
3583,オーベクス,繊維製品,Standard
358A,ゼン・ランド,不動産業,Other
3591,ワコールホールディングス,繊維製品,Prime
3593,ホギメディカル,繊維製品,Prime
3597,自重堂,繊維製品,Standard
3598,山喜,繊維製品,Standard
359A,ＮＥＸＴ　ＳＴＡＧＥ,サービス業,Other
3600,フジックス,繊維製品,Standard
3607,クラウディアホールディングス,繊維製品,Standard
3608,ＴＳＩホールディングス,繊維製品,Prime
3611,マツオカコーポレーション,繊維製品,Standard
3612,ワールド,繊維製品,Prime
361A,リビングハウス,小売業,Other
3622,ネットイヤーグループ,情報・通信業,Growth
3623,ビリングシステム,情報・通信業,Growth
3624,アクセルマーク,情報・通信業,Growth
3625,テックファームホールディングス,情報・通信業,Growth
3626,ＴＩＳ,情報・通信業,Prime
3627,テクミラホールディングス,情報・通信業,Standard
3628,データホライゾン,情報・通信業,Growth
362A,エクシオホールディングス,サービス業,Other
3632,グリーホールディングス,情報・通信業,Prime
3633,ＧＭＯペパボ,情報・通信業,Standard
3634,ソケッツ,情報・通信業,Standard
3635,コーエーテクモホールディングス,情報・通信業,Prime
3636,三菱総合研究所,情報・通信業,Prime
3639,ボルテージ,情報・通信業,Standard
3640,電算,情報・通信業,Standard
3641,パピレス,情報・通信業,Standard
3645,メディカルネット,情報・通信業,Growth
3646,駅探,情報・通信業,Growth
3647,アスリナ,情報・通信業,Standard
3648,ＡＧＳ,情報・通信業,Standard
3649,ファインデックス,情報・通信業,Prime
3652,ディジタルメディアプロフェッショナル,情報・通信業,Growth
3653,モルフォ,情報・通信業,Growth
3656,ＫＬａｂ,情報・通信業,Prime
3657,ポールトゥウィンホールディングス,情報・通信業,Prime
3659,ネクソン,情報・通信業,Prime
365A,伊澤タオル,繊維製品,Standard
3660,アイスタイル,情報・通信業,Prime
3661,エムアップホールディングス,情報・通信業,Prime
3662,エイチームホールディングス,情報・通信業,Prime
3663,セルシス,情報・通信業,Prime
3664,モブキャストホールディングス,情報・通信業,Growth
3665,エニグモ,情報・通信業,Prime
3667,ｅｎｉｓｈ,情報・通信業,Standard
3668,コロプラ,情報・通信業,Prime
366A,ウェルネス・コミュニケーションズ,サービス業,Growth
3670,協立情報通信,情報・通信業,Standard
3671,ソフトマックス,情報・通信業,Standard
3672,オルトプラス,情報・通信業,Standard
3673,ブロードリーフ,情報・通信業,Prime
3674,オークファン,情報・通信業,Growth
3675,クロス・マーケティンググループ,情報・通信業,Standard
3676,デジタルハーツホールディングス,情報・通信業,Prime
3678,メディアドゥ,情報・通信業,Prime
3679,じげん,情報・通信業,Prime
367A,プリモグローバルホールディングス,小売業,Standard
3680,ホットリンク,情報・通信業,Growth
3681,ブイキューブ,情報・通信業,Prime
3682,エンカレッジ・テクノロジ,情報・通信業,Standard
3683,サイバーリンクス,情報・通信業,Standard
3686,ディー・エル・イー,情報・通信業,Standard
3687,フィックスターズ,情報・通信業,Prime
368A,北里コーポレーション,精密機器,Prime
3690,イルグルム,情報・通信業,Standard
3691,デジタルプラス,情報・通信業,Growth
3692,ＦＦＲＩセキュリティ,情報・通信業,Growth
3694,オプティム,情報・通信業,Prime
3695,ＧＭＯプロダクトプラットフォーム,情報・通信業,Growth
3696,セレス,情報・通信業,Prime
3697,ＳＨＩＦＴ,情報・通信業,Prime
3698,ＣＲＩ・ミドルウェア,情報・通信業,Standard
369A,エータイ,サービス業,Growth
3708,特種東海製紙,パルプ・紙,Prime
370A,リバイブル,不動産業,Other
3710,ジョルダン,情報・通信業,Standard
3712,情報企画,情報・通信業,Standard
3719,ＡＩストーム,情報・通信業,Standard
371A,デージーネット,情報・通信業,Other
3723,日本ファルコム,情報・通信業,Growth
3726,フォーシーズＨＤ,小売業,Standard
3727,アプリックス,情報・通信業,Growth
372A,レント,サービス業,Standard
3733,ソフトウェア・サービス,情報・通信業,Standard
373A,リップス,化学,Growth
3741,セック,情報・通信業,Prime
3744,サイオス,情報・通信業,Standard
3747,インタートレード,情報・通信業,Standard
374A,樋口総合研究所,情報・通信業,Other
3750,ＡＤＲ１２０Ｓ,情報・通信業,Standard
3753,フライトソリューションズ,情報・通信業,Standard
3758,アエリア,情報・通信業,Standard
375A,ＹＡＫホールディングス,不動産業,Other
3760,ケイブ,情報・通信業,Standard
3762,テクマトリックス,情報・通信業,Prime
3763,プロシップ,情報・通信業,Prime
3765,ガンホー・オンライン・エンターテイメント,情報・通信業,Prime
3766,システムズ・デザイン,情報・通信業,Standard
3768,リスクモンスター,情報・通信業,Standard
3769,ＧＭＯペイメントゲートウェイ,情報・通信業,Prime
3771,システムリサーチ,情報・通信業,Prime
3772,ウェルス・マネジメント,不動産業,Standard
3773,アドバンスト・メディア,情報・通信業,Growth
3774,インターネットイニシアティブ,情報・通信業,Prime
3776,ブロードバンドタワー,情報・通信業,Standard
3777,環境フレンドリーホールディングス,情報・通信業,Growth
3778,さくらインターネット,情報・通信業,Prime
3779,ジェイ・エスコムホールディングス,情報・通信業,Standard
3787,テクノマセマティカル,情報・通信業,Standard
3788,ＧＭＯグローバルサイン・ホールディングス,情報・通信業,Prime
378A,ヒット,サービス業,Growth
3791,ＩＧポート,情報・通信業,Standard
3793,ドリコム,情報・通信業,Growth
3796,いい生活,情報・通信業,Standard
3798,ＵＬＳグループ,情報・通信業,Standard
3799,キーウェアソリューションズ,情報・通信業,Standard
3800,ユニリタ,情報・通信業,Standard
3802,エコミック,情報・通信業,Standard
3803,イメージ情報開発,情報・通信業,Growth
3804,システム　ディ,情報・通信業,Standard
3807,フィスコ,情報・通信業,Growth
3810,サイバーステップホールディングス,情報・通信業,Standard
3815,メディア工房,情報・通信業,Growth
3816,大和コンピューター,情報・通信業,Standard
3817,ＳＲＡホールディングス,情報・通信業,Prime
3823,ＴＨＥ　ＷＨＹ　ＨＯＷ　ＤＯ　ＣＯＭＰＡＮＹ,情報・通信業,Standard
3825,リミックスポイント,小売業,Standard
3826,システムインテグレータ,情報・通信業,Standard
3834,朝日ネット,情報・通信業,Prime
3835,ｅＢＡＳＥ,情報・通信業,Prime
3836,アバントグループ,情報・通信業,Prime
3837,アドソル日進,情報・通信業,Prime
3839,ＯＤＫソリューションズ,情報・通信業,Standard
3840,パス,情報・通信業,Standard
3841,ジーダット,情報・通信業,Standard
3842,ネクストジェン,情報・通信業,Standard
3843,フリービット,情報・通信業,Prime
3844,コムチュア,情報・通信業,Prime
3845,アイフリークモバイル,情報・通信業,Standard
3848,データ・アプリケーション,情報・通信業,Standard
3850,エヌ・ティ・ティ・データ・イントラマート,情報・通信業,Standard
3851,日本一ソフトウェア,情報・通信業,Standard
3853,アステリア,情報・通信業,Prime
3854,アイル,情報・通信業,Prime
3856,Ａｂａｌａｎｃｅ,電気機器,Standard
3858,ユビキタスＡＩ,情報・通信業,Standard
385A,山本通産,卸売業,Other
3861,王子ホールディングス,パルプ・紙,Prime
3863,日本製紙,パルプ・紙,Prime
3864,三菱製紙,パルプ・紙,Prime
3865,北越コーポレーション,パルプ・紙,Prime
386A,みのや,小売業,Standard
3877,中越パルプ工業,パルプ・紙,Prime
3878,巴川コーポレーション,化学,Standard
387A,フラー,情報・通信業,Growth
3880,大王製紙,パルプ・紙,Prime
3891,ニッポン高度紙工業,パルプ・紙,Standard
3892,岡山製紙,パルプ・紙,Standard
3895,ハビックス,パルプ・紙,Standard
3896,阿波製紙,パルプ・紙,Standard
389A,八光オートメーション,電気機器,Other
3900,クラウドワークス,情報・通信業,Growth
3901,マークラインズ,情報・通信業,Prime
3902,メディカル・データ・ビジョン,情報・通信業,Prime
3903,ｇｕｍｉ,情報・通信業,Prime
3904,カヤック,情報・通信業,Growth
3905,データセクション,情報・通信業,Growth
3907,シリコンスタジオ,情報・通信業,Standard
3908,コラボス,情報・通信業,Growth
3909,ショーケース,情報・通信業,Standard
3910,エムケイシステム,情報・通信業,Standard
3911,Ａｉｍｉｎｇ,情報・通信業,Growth
3912,モバイルファクトリー,情報・通信業,Standard
3913,ＧｒｅｅｎＢｅｅ,情報・通信業,Standard
3914,ＪＩＧ－ＳＡＷ,情報・通信業,Growth
3915,テラスカイ,情報・通信業,Prime
3916,デジタル・インフォメーション・テクノロジー,情報・通信業,Prime
3917,アイリッジ,情報・通信業,Growth
3918,ＰＣＩホールディングス,情報・通信業,Standard
3920,アイビーシー,情報・通信業,Standard
3921,ネオジャパン,情報・通信業,Prime
3922,ＰＲ　ＴＩＭＥＳ,情報・通信業,Prime
3923,ラクス,情報・通信業,Prime
3925,ダブルスタンダード,情報・通信業,Prime
3926,オープンドア,情報・通信業,Standard
3927,フーバーブレイン,情報・通信業,Standard
3928,マイネット,情報・通信業,Standard
3929,ソーシャルワイヤー,情報・通信業,Growth
3930,はてな,情報・通信業,Growth
3931,バリューゴルフ,情報・通信業,Growth
3932,アカツキ,情報・通信業,Prime
3933,チエル,情報・通信業,Standard
3934,ベネフィットジャパン,情報・通信業,Standard
3935,エディア,情報・通信業,Standard
3936,グローバルウェイ,情報・通信業,Growth
3937,Ｕｂｉｃｏｍホールディングス,情報・通信業,Standard
3939,カナミックネットワーク,情報・通信業,Prime
393A,ＲｉｔａＸ,サービス業,Other
3940,ノムラシステムコーポレーション,情報・通信業,Standard
3941,レンゴー,パルプ・紙,Prime
3943,大石産業,パルプ・紙,Standard
3944,古林紙工,パルプ・紙,Standard
3945,スーパーバッグ,パルプ・紙,Standard
3946,トーモク,パルプ・紙,Prime
3947,ダイナパック,パルプ・紙,Standard
3948,光ビジネスフォーム,パルプ・紙,Standard
3950,ザ・パック,パルプ・紙,Prime
3951,朝日印刷,パルプ・紙,Standard
3953,大村紙業,パルプ・紙,Standard
3954,昭和パックス,パルプ・紙,Standard
3955,イムラ,パルプ・紙,Standard
3958,笹徳印刷,パルプ・紙,Standard
3962,チェンジホールディングス,情報・通信業,Prime
3963,シンクロ・フード,情報・通信業,Prime
3964,オークネット,情報・通信業,Prime
3965,キャピタル・アセット・プランニング,情報・通信業,Standard
3967,エルテス,情報・通信業,Growth
3968,セグエグループ,情報・通信業,Prime
3969,エイトレッド,情報・通信業,Standard
3970,イノベーション,情報・通信業,Growth
3974,ＳＣＡＴ,情報・通信業,Standard
3976,シャノン,情報・通信業,Growth
3979,うるる,情報・通信業,Growth
3981,ビーグリー,情報・通信業,Standard
3983,オロ,情報・通信業,Prime
3984,ユーザーローカル,情報・通信業,Prime
3985,テモナ,情報・通信業,Standard
3986,ビーブレイクシステムズ,情報・通信業,Standard
3987,エコモット,情報・通信業,Growth
3988,ＳＹＳホールディングス,情報・通信業,Standard
3989,シェアリングテクノロジー,情報・通信業,Growth
398A,リアルクオリティ,サービス業,Other
3991,ウォンテッドリー,情報・通信業,Growth
3992,ニーズウェル,情報・通信業,Prime
3993,ＰＫＳＨＡ　Ｔｅｃｈｎｏｌｏｇｙ,情報・通信業,Prime
3994,マネーフォワード,情報・通信業,Prime
3996,サインポスト,情報・通信業,Standard
3997,トレードワークス,情報・通信業,Standard
3998,すららネット,情報・通信業,Growth
4004,レゾナック・ホールディングス,化学,Prime
4005,住友化学,化学,Prime
4008,住友精化,化学,Prime
4011,ヘッドウォータース,情報・通信業,Growth
4012,アクシス,情報・通信業,Standard
4013,勤次郎,情報・通信業,Growth
4014,カラダノート,情報・通信業,Growth
4015,ペイクラウドホールディングス,情報・通信業,Growth
4016,ＭＩＴホールディングス,情報・通信業,Standard
4017,クリーマ,情報・通信業,Growth
4019,スタメン,情報・通信業,Growth
4020,ビートレンド,情報・通信業,Growth
4021,日産化学,化学,Prime
4022,ラサ工業,化学,Prime
4023,クレハ,化学,Prime
4025,多木化学,化学,Prime
4026,神島化学工業,ガラス・土石製品,Standard
4027,テイカ,化学,Prime
4028,石原産業,化学,Prime
402A,アクセルスペースホールディングス,輸送用機器,Growth
4031,片倉コープアグリ,化学,Standard
403A,北條組,建設業,Other
4040,南海化学,化学,Standard
4041,日本曹達,化学,Prime
4042,東ソー,化学,Prime
4043,トクヤマ,化学,Prime
4044,セントラル硝子,化学,Prime
4045,東亞合成,化学,Prime
4046,大阪ソーダ,化学,Prime
4047,関東電化工業,化学,Prime
4051,ＧＭＯフィナンシャルゲート,情報・通信業,Prime
4052,フィーチャ,情報・通信業,Growth
4053,Ｓｕｎ　Ａｓｔｅｒｉｓｋ,情報・通信業,Prime
4054,日本情報クリエイト,情報・通信業,Growth
4055,ティアンドエスグループ,情報・通信業,Growth
4056,ニューラルグループ,情報・通信業,Growth
4057,インターファクトリー,情報・通信業,Growth
4058,トヨクモ,情報・通信業,Growth
4059,まぐまぐ,情報・通信業,Standard
405A,コヤマ・ミライエ,卸売業,Other
4060,ｒａｋｕｍｏ,情報・通信業,Growth
4061,デンカ,化学,Prime
4062,イビデン,電気機器,Prime
4063,信越化学工業,化学,Prime
4064,日本カーバイド工業,化学,Prime
4068,ベイシス,情報・通信業,Growth
4069,ＢｌｕｅＭｅｍｅ,情報・通信業,Growth
406A,環境のミカタホールディングス,サービス業,Other
4071,プラスアルファ・コンサルティング,情報・通信業,Prime
4072,電算システムホールディングス,情報・通信業,Prime
4073,ジィ・シィ企画,情報・通信業,Growth
4074,ラキール,情報・通信業,Growth
4075,ブレインズテクノロジー,情報・通信業,Growth
4076,シイエヌエス,情報・通信業,Growth
4078,堺化学工業,化学,Prime
407A,ＵＮＩＣＯＮホールディングス,建設業,Standard
4082,第一稀元素化学工業,化学,Prime
4088,エア・ウォーター,化学,Prime
4091,日本酸素ホールディングス,化学,Prime
4092,日本化学工業,化学,Prime
4093,東邦アセチレン,化学,Standard
4094,日本化学産業,化学,Standard
4095,日本パーカライジング,化学,Prime
4097,高圧ガス工業,化学,Prime
4098,チタン工業,化学,Standard
4099,四国化成ホールディングス,化学,Prime
409A,オリオンビール,食料品,Prime
4100,戸田工業,化学,Standard
4102,丸尾カルシウム,化学,Standard
4107,伊勢化学工業,化学,Standard
4109,ステラ　ケミファ,化学,Prime
410A,ＧＭＯコマース,サービス業,Growth
4112,保土谷化学工業,化学,Prime
4113,田岡化学工業,化学,Standard
4114,日本触媒,化学,Prime
4116,大日精化工業,化学,Prime
4118,カネカ,化学,Prime
4119,日本ピグメントホールディングス,化学,Standard
411A,日本マリタイムバンク,その他金融業,Other
4120,スガイ化学工業,化学,Standard
4124,大阪油化工業,化学,Standard
4125,三和油化工業,化学,Standard
414A,オーバーラップホールディングス,情報・通信業,Growth
4151,協和キリン,医薬品,Prime
415A,ＧＭＯ　ＴＥＣＨホールディングス,サービス業,Growth
4165,プレイド,情報・通信業,Growth
4166,かっこ,情報・通信業,Growth
4167,ココペリ,情報・通信業,Growth
4168,ヤプリ,情報・通信業,Growth
4169,ＥＮＥＣＨＡＮＧＥ,情報・通信業,Growth
416A,富士ユナイトホールディングス,卸売業,Standard
4170,Ｋａｉｚｅｎ　Ｐｌａｔｆｏｒｍ,情報・通信業,Growth
4171,グローバルインフォメーション,情報・通信業,Standard
4172,Ｈｉクラテス,情報・通信業,Standard
4174,アピリッツ,情報・通信業,Standard
4175,ｃｏｌｙ,情報・通信業,Growth
4176,ココナラ,情報・通信業,Growth
4177,ｉ‐ｐｌｕｇ,情報・通信業,Growth
4178,Ｓｈａｒｉｎｇ　Ｉｎｎｏｖａｔｉｏｎｓ,情報・通信業,Growth
4179,ジーネクスト,情報・通信業,Growth
417A,ブルーゾーンホールディングス,小売業,Prime
4180,Ａｐｐｉｅｒ　Ｇｒｏｕｐ,情報・通信業,Prime
4182,三菱瓦斯化学,化学,Prime
4183,三井化学,化学,Prime
4186,東京応化工業,化学,Prime
4187,大阪有機化学工業,化学,Prime
4188,三菱ケミカルグループ,化学,Prime
4189,ＫＨネオケム,化学,Prime
4192,スパイダープラス,情報・通信業,Growth
4193,ファブリカホールディングス,情報・通信業,Standard
4194,ビジョナル,情報・通信業,Prime
4196,ネオマーケティング,情報・通信業,Standard
4197,アスマーク,情報・通信業,Standard
4198,テンダ,情報・通信業,Standard
4199,ワンダープラネット,情報・通信業,Growth
419A,ラングローブ,小売業,Other
4202,ダイセル,化学,Prime
4203,住友ベークライト,化学,Prime
4204,積水化学工業,化学,Prime
4205,日本ゼオン,化学,Prime
4206,アイカ工業,化学,Prime
4208,ＵＢＥ,化学,Prime
4212,積水樹脂,化学,Prime
4216,旭有機材,化学,Prime
4218,ニチバン,化学,Prime
421A,ムービン・ストラテジック・キャリア,サービス業,Growth
4220,リケンテクノス,化学,Prime
4221,大倉工業,化学,Prime
4222,児玉化学工業,化学,Standard
4224,ロンシール工業,化学,Standard
4228,積水化成品工業,化学,Prime
4229,群栄化学工業,化学,Prime
422A,ｔａｎｅ　ＣＲＥＡＴＩＶＥ,情報・通信業,Other
4231,タイガースポリマー,化学,Standard
4234,サンエー化研,化学,Standard
4235,ウルトラファブリックス・ホールディングス,化学,Standard
4237,フジプレアム,化学,Standard
4238,ミライアル,化学,Standard
423A,ライオン事務器,卸売業,Standard
4240,クラスターテクノロジー,化学,Standard
4241,アテクト,化学,Standard
4242,タカギセイコー,化学,Standard
4243,ニックス,化学,Standard
4245,ダイキアクシス,化学,Standard
4246,ダイキョーニシカワ,化学,Prime
4247,ポバール興業,化学,Standard
4248,竹本容器,化学,Standard
4249,森六,化学,Prime
4251,恵和,化学,Prime
4255,ＴＨＥＣＯＯ,情報・通信業,Growth
4256,サインド,情報・通信業,Growth
4258,網屋,情報・通信業,Growth
4259,エクサウィザーズ,情報・通信業,Growth
4260,ハイブリッドテクノロジーズ,情報・通信業,Growth
4261,アジアクエスト,情報・通信業,Growth
4262,ニフティライフスタイル,情報・通信業,Growth
4263,サスメド,情報・通信業,Growth
4264,セキュア,情報・通信業,Growth
4265,Ｉｎｓｔｉｔｕｔｉｏｎ　ｆｏｒ　ａ　Ｇｌｏｂａｌ　Ｓｏｃｉｅｔｙ,情報・通信業,Growth
4270,ＢｅｅＸ,情報・通信業,Growth
4272,日本化薬,化学,Prime
4274,細谷火工,化学,Standard
4275,カーリット,化学,Prime
4284,ソルクシーズ,情報・通信業,Standard
4286,ＣＬホールディングス,サービス業,Standard
4287,ジャストプランニング,情報・通信業,Standard
4288,アズジェント,情報・通信業,Standard
428A,サイプレス・ホールディングス,小売業,Standard
4290,プレステージ・インターナショナル,サービス業,Prime
4293,セプテーニ・ホールディングス,サービス業,Standard
4299,ハイマックス,情報・通信業,Standard
429A,テクセンドフォトマスク,その他製品,Prime
4301,アミューズ,サービス業,Prime
4307,野村総合研究所,情報・通信業,Prime
4308,Ｊストリーム,情報・通信業,Growth
430A,ネクストハンズ,情報・通信業,Other
4310,ドリームインキュベータ,サービス業,Prime
4316,ビーマップ,情報・通信業,Growth
4317,レイ,サービス業,Standard
4318,クイック,サービス業,Prime
431A,ユーソナー,情報・通信業,Growth
4320,ＣＥホールディングス,情報・通信業,Standard
4323,日本システム技術,情報・通信業,Prime
4324,電通グループ,サービス業,Prime
4326,インテージホールディングス,情報・通信業,Prime
432A,クリニファー,卸売業,Other
4331,テイクアンドギヴ・ニーズ,サービス業,Prime
4334,ユークス,情報・通信業,Standard
4335,ＩＰＳホールディングス,情報・通信業,Standard
4337,ぴあ,サービス業,Prime
433A,ＭＪＥ,卸売業,Other
4341,西菱電機,サービス業,Standard
4343,イオンファンタジー,サービス業,Prime
4344,ソースネクスト,情報・通信業,Prime
4345,シーティーエス,サービス業,Prime
4346,ＮＥＸＹＺ．Ｇｒｏｕｐ,その他金融業,Standard
4347,ブロードメディア,サービス業,Standard
434A,ＬＯＯＰＬＡＣＥ,不動産業,Other
4350,メディカルシステムネットワーク,小売業,Standard
4351,山田再生系債権回収総合事務所,その他金融業,Standard
4356,応用技術,情報・通信業,Standard
4360,マナック・ケミカル・パートナーズ,化学,Standard
4361,川口化学工業,化学,Standard
4362,日本精化,化学,Prime
4365,松本油脂製薬,化学,Standard
4366,ダイトーケミックス,化学,Standard
4367,広栄化学,化学,Standard
4368,扶桑化学工業,化学,Prime
4369,トリケミカル研究所,化学,Prime
436A,サイバーソリューションズ,情報・通信業,Growth
4370,モビルス,情報・通信業,Growth
4371,コアコンセプト・テクノロジー,情報・通信業,Growth
4372,ユミルリンク,情報・通信業,Growth
4373,シンプレクス・ホールディングス,情報・通信業,Prime
4374,ＲＯＢＯＴ　ＰＡＹＭＥＮＴ,情報・通信業,Growth
4375,セーフィー,情報・通信業,Growth
4376,くふうカンパニーホールディングス,情報・通信業,Growth
4377,ワンキャリア,情報・通信業,Growth
4378,ＣＩＮＣ,情報・通信業,Growth
4379,Ｐｈｏｔｏｓｙｎｔｈ,情報・通信業,Growth
437A,ジェイウェイブ,サービス業,Other
4380,Ｍマート,情報・通信業,Growth
4381,ビープラッツ,情報・通信業,Growth
4382,ＨＥＲＯＺ,情報・通信業,Standard
4384,ラクスル,情報・通信業,Prime
4385,メルカリ,情報・通信業,Prime
4386,ＳＩＧグループ,情報・通信業,Standard
4387,ＺＵＵ,情報・通信業,Growth
4388,エーアイ,情報・通信業,Standard
4389,プロパティデータバンク,情報・通信業,Growth
438A,インフキュリオン,情報・通信業,Growth
4390,ＩＰＳ,情報・通信業,Prime
4391,ロジザード,情報・通信業,Growth
4392,ＦＩＧ,情報・通信業,Prime
4393,バンク・オブ・イノベーション,情報・通信業,Growth
4394,エクスモーション,情報・通信業,Growth
4395,アクリート,情報・通信業,Growth
4396,システムサポートホールディングス,情報・通信業,Prime
4397,チームスピリット,情報・通信業,Growth
4398,ブロードバンドセキュリティ,情報・通信業,Standard
439A,アクトビ,情報・通信業,Other
4401,ＡＤＥＫＡ,化学,Prime
4403,日油,化学,Prime
4404,ミヨシ油脂,食料品,Standard
4406,新日本理化,化学,Standard
4409,東邦化学工業,化学,Standard
4410,ハリマ化成グループ,化学,Prime
4412,サイエンスアーツ,情報・通信業,Growth
4413,ボードルア,情報・通信業,Prime
4414,フレクト,情報・通信業,Growth
4415,ブロードエンタープライズ,情報・通信業,Growth
4416,Ｔｒｕｅ　Ｄａｔａ,情報・通信業,Growth
4417,グローバルセキュリティエキスパート,情報・通信業,Growth
4418,ＪＤＳＣ,情報・通信業,Growth
4419,Ｆｉｎａｔｅｘｔホールディングス,情報・通信業,Growth
441A,ＮＥ,情報・通信業,Growth
4420,イーソル,情報・通信業,Standard
4421,ディ・アイ・システム,情報・通信業,Standard
4422,ＶＡＬＵＥＮＥＸ,情報・通信業,Growth
4424,Ａｍａｚｉａ,情報・通信業,Growth
4425,Ｋｕｄａｎ,情報・通信業,Growth
4426,パスロジ,情報・通信業,Other
4427,ＥｄｕＬａｂ,情報・通信業,Growth
4428,シノプス,情報・通信業,Growth
4429,リックソフト,情報・通信業,Growth
442A,クラシコ,繊維製品,Growth
4430,東海ソフト,情報・通信業,Standard
4431,スマレジ,情報・通信業,Growth
4432,ウイングアーク１ｓｔ,情報・通信業,Prime
4433,ヒト・コミュニケーションズ・ホールディングス,情報・通信業,Prime
4434,サーバーワークス,情報・通信業,Standard
4436,ミンカブ・ジ・インフォノイド,情報・通信業,Growth
4437,ｇｏｏｄｄａｙｓホールディングス,情報・通信業,Growth
4438,Ｗｅｌｂｙ,情報・通信業,Growth
4439,東名,情報・通信業,Standard
4440,ヴィッツ,情報・通信業,Standard
4441,トビラシステムズ,情報・通信業,Standard
4442,バルテス・ホールディングス,情報・通信業,Growth
4443,Ｓａｎｓａｎ,情報・通信業,Prime
4444,インフォネット,情報・通信業,Growth
4445,リビン・テクノロジーズ,情報・通信業,Growth
4446,Ｌｉｎｋ－Ｕグループ,情報・通信業,Prime
4447,ピー・ビーシステムズ,情報・通信業,Growth
4448,ｋｕｂｅｌｌ,情報・通信業,Growth
4449,ギフティ,情報・通信業,Prime
444A,アイテル,卸売業,Other
4450,パワーソリューションズ,情報・通信業,Growth
4452,花王,化学,Prime
445A,東洋コーポレーション,不動産業,Other
4461,第一工業製薬,化学,Prime
4462,石原ケミカル,化学,Prime
4463,日華化学,化学,Standard
4464,ソフト９９コーポレーション,化学,Standard
4465,ニイタカ,化学,Standard
446A,ノースサンド,サービス業,Growth
4471,三洋化成工業,化学,Prime
4475,ＨＥＮＮＧＥ,情報・通信業,Growth
4476,ＡＩ　ＣＲＯＳＳ,情報・通信業,Growth
4477,ＢＡＳＥ,情報・通信業,Growth
4478,フリー,情報・通信業,Growth
4479,マクアケ,情報・通信業,Growth
4480,メドレー,情報・通信業,Prime
4481,ベース,情報・通信業,Prime
4482,ウィルズ,情報・通信業,Growth
4483,ＪＭＤＣ,情報・通信業,Prime
4484,ランサーズ,情報・通信業,Growth
4486,ユナイトアンドグロウ,情報・通信業,Growth
4487,スペースマーケット,情報・通信業,Growth
4488,ＡＩ　ｉｎｓｉｄｅ,情報・通信業,Growth
4490,ビザスク,情報・通信業,Growth
4491,コンピューターマネージメント,情報・通信業,Standard
4492,ゼネテック,情報・通信業,Standard
4493,サイバーセキュリティクラウド,情報・通信業,Growth
4494,バリオセキュア,情報・通信業,Standard
4495,アイキューブドシステムズ,情報・通信業,Growth
4496,コマースＯｎｅホールディングス,情報・通信業,Growth
4498,サイバートラスト,情報・通信業,Growth
4499,Ｓｐｅｅｅ,情報・通信業,Standard
4502,武田薬品工業,医薬品,Prime
4503,アステラス製薬,医薬品,Prime
4506,住友ファーマ,医薬品,Prime
4507,塩野義製薬,医薬品,Prime
4512,わかもと製薬,医薬品,Standard
4516,日本新薬,医薬品,Prime
4519,中外製薬,医薬品,Prime
4521,科研製薬,医薬品,Prime
4523,エーザイ,医薬品,Prime
4524,森下仁丹,医薬品,Standard
4526,理研ビタミン,食料品,Prime
4527,ロート製薬,医薬品,Prime
4528,小野薬品工業,医薬品,Prime
4530,久光製薬,医薬品,Prime
4531,有機合成薬品工業,化学,Standard
4534,持田製薬,医薬品,Prime
4536,参天製薬,医薬品,Prime
4538,扶桑薬品工業,医薬品,Prime
4539,日本ケミファ,医薬品,Standard
4540,ツムラ,医薬品,Prime
4543,テルモ,精密機器,Prime
4544,Ｈ．Ｕ．グループホールディングス,サービス業,Prime
4547,キッセイ薬品工業,医薬品,Prime
4548,生化学工業,医薬品,Prime
4549,栄研化学,医薬品,Prime
4552,ＪＣＲファーマ,医薬品,Prime
4553,東和薬品,医薬品,Prime
4554,富士製薬工業,医薬品,Prime
4556,カイノス,医薬品,Standard
4558,中京医薬品,医薬品,Standard
4559,ゼリア新薬工業,医薬品,Prime
455A,バリューソフトホールディングス,情報・通信業,Other
4563,アンジェス,医薬品,Growth
4564,オンコセラピー・サイエンス,医薬品,Growth
4565,ネクセラファーマ,医薬品,Prime
4568,第一三共,医薬品,Prime
4569,杏林製薬,医薬品,Prime
456A,ＨＵＭＡＮ　ＭＡＤＥ,小売業,Growth
4570,免疫生物研究所,医薬品,Growth
4571,ＮＡＮＯホールディングス,医薬品,Growth
4572,カルナバイオサイエンス,医薬品,Growth
4574,大幸薬品,医薬品,Prime
4575,キャンバス,医薬品,Growth
4576,デ・ウエスタン・セラピテクス研究所,医薬品,Growth
4577,ダイト,医薬品,Prime
4578,大塚ホールディングス,医薬品,Prime
4579,ラクオリア創薬,医薬品,Growth
457A,ルリアン,サービス業,Other
4582,シンバイオ製薬,医薬品,Growth
4583,カイオム・バイオサイエンス,医薬品,Growth
4584,キッズウェル・バイオ,医薬品,Growth
4586,メドレックス,医薬品,Growth
4587,ペプチドリーム,医薬品,Prime
4588,オンコリスバイオファーマ,医薬品,Growth
458A,プラン・ドゥ,不動産業,Other
4591,リボミック,医薬品,Growth
4592,サンバイオ,医薬品,Growth
4593,ヘリオス,医薬品,Growth
4594,ブライトパス・バイオ,医薬品,Growth
4595,ミズホメディー,医薬品,Standard
4596,窪田製薬ホールディングス,医薬品,Growth
4597,ソレイジア・ファーマ,医薬品,Growth
4598,Ｄｅｌｔａ－Ｆｌｙ　Ｐｈａｒｍａ,医薬品,Growth
4599,ステムリム,医薬品,Growth
460A,ＢＲＡＮＵ,情報・通信業,Growth
4611,大日本塗料,化学,Prime
4612,日本ペイントホールディングス,化学,Prime
4613,関西ペイント,化学,Prime
4615,神東塗料,化学,Standard
4616,川上塗料,化学,Standard
4617,中国塗料,化学,Prime
4619,日本特殊塗料,化学,Standard
4620,藤倉化成,化学,Standard
4623,アサヒペン,化学,Standard
4624,イサム塗料,化学,Standard
4625,アトミクス,化学,Standard
4626,太陽ホールディングス,化学,Prime
4627,ナトコ,化学,Standard
4628,エスケー化研,化学,Standard
4629,大伸化学,化学,Standard
462A,ＦＵＮＤＩＮＮＯ,証券、商品先物取引業,Growth
4631,ＤＩＣ,化学,Prime
4633,サカタインクス,化学,Prime
4634,ａｒｔｉｅｎｃｅ,化学,Prime
4635,東京インキ,化学,Standard
463A,インテリックスホールディングス,不動産業,Standard
4641,アルプス技研,サービス業,Prime
4642,オリジナル設計,サービス業,Standard
4644,イマジニア,情報・通信業,Standard
4645,市進ホールディングス,サービス業,Standard
464A,ＱＰＳホールディングス,情報・通信業,Growth
4650,ＳＤエンターテイメント,サービス業,Standard
4651,サニックスホールディングス,サービス業,Standard
4657,環境管理センター,サービス業,Standard
4658,日本空調サービス,サービス業,Prime
4659,エイジス,サービス業,Standard
4661,オリエンタルランド,サービス業,Prime
4662,フォーカスシステムズ,情報・通信業,Prime
4664,アール・エス・シー,サービス業,Standard
4665,ダスキン,サービス業,Prime
4666,パーク２４,不動産業,Prime
4667,アイサンテクノロジー,情報・通信業,Standard
4668,明光ネットワークジャパン,サービス業,Prime
4671,ファルコホールディングス,サービス業,Standard
4673,川崎地質,サービス業,Standard
4674,クレスコ,情報・通信業,Prime
4676,フジ・メディア・ホールディングス,情報・通信業,Prime
4678,秀英予備校,サービス業,Standard
4679,田谷,サービス業,Standard
4680,ラウンドワン,サービス業,Prime
4681,リゾートトラスト,サービス業,Prime
4684,オービック,情報・通信業,Prime
4685,菱友システムズ,情報・通信業,Standard
4686,ジャストシステム,情報・通信業,Prime
4687,ＴＤＣソフト,情報・通信業,Prime
4689,ＬＩＮＥヤフー,情報・通信業,Prime
4690,日本パレットプール,サービス業,Standard
4691,ワシントンホテル,サービス業,Standard
4694,ビー・エム・エル,サービス業,Prime
469A,フィットクルー,サービス業,Growth
4704,トレンドマイクロ,情報・通信業,Prime
4705,クリップコーポレーション,サービス業,Standard
4707,キタック,サービス業,Standard
4709,ＩＤホールディングス,情報・通信業,Prime
470A,ローカル,小売業,Other
4712,ＫｅｙＨｏｌｄｅｒ,サービス業,Standard
4714,リソー教育グループ,サービス業,Prime
4716,日本オラクル,情報・通信業,Standard
4718,早稲田アカデミー,サービス業,Prime
4719,アルファシステムズ,情報・通信業,Prime
471A,ＮＳグループ,その他金融業,Prime
4720,城南進学研究社,サービス業,Standard
4722,フューチャー,情報・通信業,Prime
4725,ＣＡＣ　Ｈｏｌｄｉｎｇｓ,情報・通信業,Prime
4728,トーセ,情報・通信業,Standard
472A,ミラティブ,情報・通信業,Growth
4732,ユー・エス・エス,サービス業,Prime
4733,オービックビジネスコンサルタント,情報・通信業,Prime
4735,京進,サービス業,Standard
4736,日本ラッド,情報・通信業,Standard
4743,アイティフォー,情報・通信業,Prime
4746,東計電算,情報・通信業,Standard
4750,ダイサン,サービス業,Standard
4751,サイバーエージェント,サービス業,Prime
4752,昭和システムエンジニアリング,情報・通信業,Standard
4754,トスネット,サービス業,Standard
4755,楽天グループ,サービス業,Prime
475A,ギミック,サービス業,Standard
4760,アルファ,サービス業,Standard
4761,さくらケーシーエス,情報・通信業,Standard
4762,エックスネット,情報・通信業,Standard
4763,クリーク・アンド・リバー社,サービス業,Prime
4765,ＳＢＩグローバルアセットマネジメント,サービス業,Prime
4766,ピーエイ,サービス業,Standard
4767,テー・オー・ダブリュー,サービス業,Standard
4768,大塚商会,情報・通信業,Prime
4769,ＩＣ,情報・通信業,Standard
476A,辻・本郷ＩＴコンサルティング,情報・通信業,Standard
4771,エフアンドエム,サービス業,Standard
4772,ＳＭ　ＥＮＴＥＲＴＡＩＮＭＥＮＴ　ＪＡＰＡＮ,情報・通信業,Growth
4776,サイボウズ,情報・通信業,Prime
4777,ガーラ,情報・通信業,Standard
477A,スタートライン,サービス業,Growth
4783,ＮＣＤ,情報・通信業,Standard
4784,ＧＭＯインターネット,サービス業,Prime
478A,フツパー,情報・通信業,Growth
4792,山田コンサルティンググループ,サービス業,Prime
479A,ＰＲＯＮＩ,情報・通信業,Growth
4800,オリコン,情報・通信業,Standard
4801,セントラルスポーツ,サービス業,Prime
4809,パラカ,不動産業,Prime
480A,リブ・コンサルティング,サービス業,Growth
4811,ドリーム・アーツ,情報・通信業,Growth
4812,電通総研,情報・通信業,Prime
4813,ＡＣＣＥＳＳ,情報・通信業,Prime
4814,ネクストウェア,情報・通信業,Standard
4816,東映アニメーション,情報・通信業,Standard
4819,デジタルガレージ,情報・通信業,Prime
481A,ＪＳｅｃｕｒｉｔｙ,情報・通信業,Other
4820,イーエムシステムズ,情報・通信業,Prime
4825,ウェザーニューズ,情報・通信業,Prime
4826,ＣＩＪ,情報・通信業,Prime
4828,ビジネスエンジニアリング,情報・通信業,Prime
4829,日本エンタープライズ,情報・通信業,Standard
4832,ＪＦＥシステムズ,情報・通信業,Standard
4833,Ｄｅｆ　ｃｏｎｓｕｌｔｉｎｇ,サービス業,Growth
4838,スペースシャワーＳＫＩＹＡＫＩホールディングス,情報・通信業,Standard
4839,ＷＯＷＯＷ,情報・通信業,Prime
483A,テラテクノロジー,情報・通信業,Standard
4840,トライアイズ,サービス業,Standard
4845,スカラ,情報・通信業,Prime
4847,インテリジェント　ウェイブ,情報・通信業,Prime
4848,フルキャストホールディングス,サービス業,Prime
4849,エン,サービス業,Prime
484A,ニューズドテック,小売業,Other
485A,パワーエックス,電気機器,Growth
4875,メディシノバ・インク,医薬品,Standard
4880,セルソース,医薬品,Standard
4881,ファンペップ,医薬品,Growth
4882,ペルセウスプロテオミクス,医薬品,Growth
4883,モダリス,医薬品,Growth
4884,クリングルファーマ,医薬品,Growth
4885,室町ケミカル,医薬品,Standard
4886,あすか製薬ホールディングス,医薬品,Prime
4887,サワイグループホールディングス,医薬品,Prime
4888,ステラファーマ,医薬品,Growth
4889,レナサイエンス,医薬品,Growth
4890,坪田ラボ,医薬品,Growth
4891,ティムス,医薬品,Growth
4892,サイフューズ,医薬品,Growth
4893,ノイルイミューン・バイオテック,医薬品,Growth
4894,クオリプス,医薬品,Growth
4896,ケイファーマ,医薬品,Growth
4901,富士フイルムホールディングス,化学,Prime
4902,コニカミノルタ,電気機器,Prime
490A,センス・トラスト,不動産業,Other
4911,資生堂,化学,Prime
4912,ライオン,化学,Prime
4914,高砂香料工業,化学,Prime
4917,マンダム,化学,Prime
4918,アイビー化粧品,化学,Standard
4919,ミルボン,化学,Prime
4920,日本色材工業研究所,化学,Standard
4922,コーセーホールディングス,化学,Prime
4923,コタ,化学,Prime
4925,ハーバー研究所,化学,Standard
4926,シーボン,化学,Standard
4927,ポーラ・オルビスホールディングス,化学,Prime
4928,ノエビアホールディングス,化学,Prime
4929,アジュバンホールディングス,化学,Standard
4931,新日本製薬,化学,Prime
4932,アルマード,化学,Standard
4933,Ｉ－ｎｅ,化学,Prime
4934,プレミアアンチエイジング,化学,Growth
4935,リベルタ,化学,Standard
4936,アクシージア,化学,Standard
4937,Ｗａｑｏｏ,化学,Growth
4951,エステー,化学,Prime
4956,コニシ,化学,Prime
4958,長谷川香料,化学,Prime
4960,ケミプロ化成,化学,Standard
4966,上村工業,化学,Standard
4967,小林製薬,化学,Prime
4968,荒川化学工業,化学,Prime
4970,東洋合成工業,化学,Standard
4971,メック,化学,Prime
4972,綜研化学,化学,Standard
4973,日本高純度化学,化学,Prime
4974,タカラバイオ,化学,Prime
4975,ＪＣＵ,化学,Prime
4976,東洋ドライルーブ,化学,Standard
4977,新田ゼラチン,化学,Standard
4978,リプロセル,化学,Growth
4979,ＯＡＴアグリオ,化学,Standard
4980,デクセリアルズ,化学,Prime
4985,アース製薬,化学,Prime
4990,昭和化学工業,化学,Standard
4992,北興化学工業,化学,Standard
4994,大成ラミックグループ,化学,Standard
4996,クミアイ化学工業,化学,Prime
4997,日本農薬,化学,Prime
4998,フマキラー,化学,Standard
500A,ＴＯブックス,情報・通信業,Standard
5010,日本精蝋,石油・石炭製品,Standard
5011,ニチレキグループ,石油・石炭製品,Prime
5013,ユシロ,石油・石炭製品,Standard
5015,ビーピー・カストロール,石油・石炭製品,Standard
5016,ＪＸ金属,非鉄金属,Prime
5018,ＭＯＲＥＳＣＯ,石油・石炭製品,Standard
5019,出光興産,石油・石炭製品,Prime
501A,プレシャスパートナーズ,サービス業,Other
5020,ＥＮＥＯＳホールディングス,石油・石炭製品,Prime
5021,コスモエネルギーホールディングス,石油・石炭製品,Prime
5022,レボインターナショナル,石油・石炭製品,Other
5025,マーキュリー,情報・通信業,Growth
5026,トリプルアイズ,情報・通信業,Growth
5027,ＡｎｙＭｉｎｄ　Ｇｒｏｕｐ,情報・通信業,Growth
5028,セカンドサイトアナリティカ,情報・通信業,Growth
5029,サークレイス,情報・通信業,Growth
5031,モイ,情報・通信業,Growth
5032,ＡＮＹＣＯＬＯＲ,情報・通信業,Prime
5033,ヌーラボ,情報・通信業,Growth
5034,ｕｎｅｒｒｙ,情報・通信業,Growth
5035,ＨＯＵＳＥＩ,情報・通信業,Growth
5036,日本ビジネスシステムズ,情報・通信業,Prime
5037,フィットワークス,情報・通信業,Other
5038,ｅＷｅＬＬ,情報・通信業,Growth
503A,ベルチャイルド,情報・通信業,Other
504A,イノバセル,医薬品,Growth
505A,ギークリー,サービス業,Standard
506A,シンカナース,サービス業,Other
5071,ヴィス,サービス業,Standard
5072,アートフォースジャパン,建設業,Other
5074,テスホールディングス,建設業,Prime
5076,インフロニア・ホールディングス,建設業,Prime
5076,インフロニア・ホールディングス第１回社債型種類株式,建設業,Prime
5077,ハンズ,建設業,Other
5078,セレコーポレーション,建設業,Standard
5079,ノバック,建設業,Standard
507A,デジタル・ナレッジ,情報・通信業,Other
5101,横浜ゴム,ゴム製品,Prime
5103,昭和ホールディングス,ゴム製品,Standard
5105,ＴＯＹＯ　ＴＩＲＥ,ゴム製品,Prime
5108,ブリヂストン,ゴム製品,Prime
510A,ハートアップ,サービス業,Other
5110,住友ゴム工業,ゴム製品,Prime
511A,ヴァンガードスミス,サービス業,Other
5121,藤倉コンポジット,ゴム製品,Prime
5122,オカモト,ゴム製品,Prime
5125,ファインズ,情報・通信業,Growth
5126,ポーターズ,情報・通信業,Growth
5129,ＦＩＸＥＲ,情報・通信業,Growth
5130,ヒロホールディングス,情報・通信業,Other
5131,リンカーズ,情報・通信業,Growth
5132,ｐｌｕｓｚｅｒｏ,情報・通信業,Growth
5133,テリロジーホールディングス,情報・通信業,Standard
5134,ＰＯＰＥＲ,情報・通信業,Growth
5135,ＡＩＲ－Ｕ,情報・通信業,Other
5136,ｔｒｉｐｌａ,情報・通信業,Growth
5137,スマートドライブ,情報・通信業,Growth
5138,Ｒｅｂａｓｅ,情報・通信業,Growth
5139,オープンワーク,情報・通信業,Growth
5142,アキレス,化学,Prime
514A,孫の手,サービス業,Other
5161,西川ゴム工業,ゴム製品,Standard
5162,朝日ラバー,ゴム製品,Standard
5184,ニチリン,ゴム製品,Standard
5185,フコク,ゴム製品,Prime
5186,ニッタ,ゴム製品,Prime
5187,クリエートメディック,精密機器,Standard
5189,櫻護謨,ゴム製品,Standard
5192,三ツ星ベルト,ゴム製品,Prime
5194,相模ゴム工業,ゴム製品,Standard
5195,バンドー化学,ゴム製品,Prime
5199,不二ラテックス,ゴム製品,Standard
519A,ベーシック,情報・通信業,Growth
5201,ＡＧＣ,ガラス・土石製品,Prime
5202,日本板硝子,ガラス・土石製品,Prime
5204,石塚硝子,ガラス・土石製品,Standard
5208,有沢製作所,化学,Prime
520A,ジェイファーマ,医薬品,Growth
5210,日本山村硝子,ガラス・土石製品,Standard
5214,日本電気硝子,ガラス・土石製品,Prime
5216,倉元製作所,ガラス・土石製品,Standard
5218,オハラ,ガラス・土石製品,Standard
522A,ＣＯＥＬ,情報・通信業,Other
5232,住友大阪セメント,ガラス・土石製品,Prime
5233,太平洋セメント,ガラス・土石製品,Prime
5237,ノザワ,ガラス・土石製品,Standard
523A,セイワホールディングス,金属製品,Growth
5240,ｍｏｎｏＡＩ　ｔｅｃｈｎｏｌｏｇｙ,情報・通信業,Growth
5242,アイズ,情報・通信業,Growth
5243,ｎｏｔｅ,情報・通信業,Growth
5244,ｊｉｇ．ｊｐ,情報・通信業,Growth
5246,ＥＬＥＭＥＮＴＳ,情報・通信業,Growth
5247,ＢＴＭ,情報・通信業,Growth
5248,テクノロジーズ,情報・通信業,Growth
5249,あさかわシステムズ,情報・通信業,Other
524A,田村ビルズグループ,不動産業,Other
5250,ＧＭＯプライム・ストラテジー,情報・通信業,Standard
5251,ウイズ・ワン,情報・通信業,Other
5252,日本ナレッジ,情報・通信業,Growth
5253,カバー,情報・通信業,Growth
5254,Ａｒｅｎｔ,情報・通信業,Growth
5255,モンスターラボ,情報・通信業,Growth
5256,Ｆｕｓｉｃ,情報・通信業,Growth
5257,ノバシステム,情報・通信業,Standard
5258,トランザクション・メディア・ネットワークス,情報・通信業,Growth
5259,ＢＢＤイニシアティブ,情報・通信業,Growth
525A,ｍａｎｅｂｉ,情報・通信業,Other
5261,リソルホールディングス,サービス業,Prime
5262,日本ヒューム,ガラス・土石製品,Prime
5268,旭コンクリート工業,ガラス・土石製品,Standard
5269,日本コンクリート工業,ガラス・土石製品,Prime
5271,トーヨーアサノ,ガラス・土石製品,Standard
5273,三谷セキサン,ガラス・土石製品,Standard
5279,日本興業,ガラス・土石製品,Standard
527A,ＮＯＳＥ　ＳＨＯＰ,小売業,Other
5280,ヨシコン,不動産業,Standard
5282,ジオスター,ガラス・土石製品,Standard
5283,高見澤,卸売業,Standard
5284,ヤマウホールディングス,ガラス・土石製品,Standard
5285,ヤマックス,ガラス・土石製品,Standard
5287,イトーヨーギョー,ガラス・土石製品,Standard
5288,アジアパイルホールディングス,ガラス・土石製品,Prime
528A,フリースタイル,情報・通信業,Other
5290,ベルテクスコーポレーション,ガラス・土石製品,Standard
5301,東海カーボン,ガラス・土石製品,Prime
5302,日本カーボン,ガラス・土石製品,Prime
5304,ＳＥＣカーボン,ガラス・土石製品,Standard
5310,東洋炭素,ガラス・土石製品,Prime
5331,ノリタケ,ガラス・土石製品,Prime
5332,ＴＯＴＯ,ガラス・土石製品,Prime
5333,日本碍子,ガラス・土石製品,Prime
5334,日本特殊陶業,ガラス・土石製品,Prime
5337,ダントーホールディングス,ガラス・土石製品,Standard
5341,ＡＳＡＨＩ　ＥＩＴＯホールディングス,ガラス・土石製品,Standard
5344,ＭＡＲＵＷＡ,ガラス・土石製品,Prime
5351,品川リフラ,ガラス・土石製品,Prime
5355,日本坩堝,ガラス・土石製品,Standard
5356,美濃窯業,ガラス・土石製品,Standard
5357,ヨータイ,ガラス・土石製品,Prime
5363,東京窯業,ガラス・土石製品,Standard
5367,ニッカトー,ガラス・土石製品,Standard
5368,日本インシュレーション,ガラス・土石製品,Standard
5380,新東,ガラス・土石製品,Standard
5381,マイポックス,ガラス・土石製品,Standard
5384,フジミインコーポレーテッド,ガラス・土石製品,Prime
5388,クニミネ工業,ガラス・土石製品,Standard
5391,エーアンドエーマテリアル,ガラス・土石製品,Standard
5393,ニチアス,ガラス・土石製品,Prime
5401,日本製鉄,鉄鋼,Prime
5406,神戸製鋼所,鉄鋼,Prime
5408,中山製鋼所,鉄鋼,Prime
5410,合同製鐵,鉄鋼,Prime
5411,ＪＦＥホールディングス,鉄鋼,Prime
5423,東京製鐵,鉄鋼,Prime
5440,共英製鋼,鉄鋼,Prime
5444,大和工業,鉄鋼,Prime
5445,東京鐵鋼,鉄鋼,Prime
5446,北越メタル,鉄鋼,Standard
5449,大阪製鐵,鉄鋼,Standard
5451,ヨドコウ,鉄鋼,Prime
5458,高砂鐵工,鉄鋼,Standard
5461,中部鋼鈑,鉄鋼,Prime
5463,丸一鋼管,鉄鋼,Prime
5464,モリ工業,鉄鋼,Standard
5471,大同特殊鋼,鉄鋼,Prime
5480,日本冶金工業,鉄鋼,Prime
5482,愛知製鋼,鉄鋼,Prime
5484,東北特殊鋼,鉄鋼,Standard
5491,日本金属,鉄鋼,Standard
551A,ＩＺＵＭＩグループ,サービス業,Other
5525,フロンティアホールディングス,不動産業,Other
5527,ｐｒｏｐｅｒｔｙ　ｔｅｃｈｎｏｌｏｇｉｅｓ,不動産業,Growth
5528,フロンティアハウス,不動産業,Other
5531,中山不動産,不動産業,Other
5532,リアルゲイト,不動産業,Growth
5533,エリッツホールディングス,不動産業,Standard
5534,エンゼルグループ,不動産業,Other
5535,ミガロホールディングス,不動産業,Prime
5536,京橋アートレジデンス,不動産業,Other
5537,ＡｌｂａＬｉｎｋ,不動産業,Growth
5541,大平洋金属,鉄鋼,Prime
5542,新報国マテリアル,鉄鋼,Standard
5563,新日本電工,鉄鋼,Prime
5570,ジェノバ,情報・通信業,Growth
5571,エキサイトホールディングス,情報・通信業,Standard
5572,Ｒｉｄｇｅ－ｉ,情報・通信業,Growth
5573,働楽ホールディングス,情報・通信業,Other
5574,ＡＢＥＪＡ,情報・通信業,Growth
5575,Ｇｌｏｂｅｅ,情報・通信業,Growth
5576,オービーシステム,情報・通信業,Standard
5578,ＡＲアドバンストテクノロジ,情報・通信業,Growth
5580,プロディライト,情報・通信業,Growth
5581,カイテクノロジー,情報・通信業,Other
5582,グリッド,情報・通信業,Growth
5584,Ｓｔｒａｗｂｅｒｒｙ　ｊａｍｓ,情報・通信業,Other
5586,Ｌａｂｏｒｏ．ＡＩ,情報・通信業,Growth
5587,インバウンドプラットフォーム,情報・通信業,Growth
5588,ファーストアカウンティング,情報・通信業,Growth
5589,オートサーバー,情報・通信業,Standard
5590,ネットスターズ,情報・通信業,Growth
5591,ＡＶＩＬＥＮ,情報・通信業,Growth
5592,くすりの窓口,情報・通信業,Growth
5594,エム・デー・ビー,情報・通信業,Other
5597,ブルーイノベーション,情報・通信業,Growth
5598,Ｙｏｔｔａｖｉａｓ,情報・通信業,Other
5599,Ｓ＆Ｊ,情報・通信業,Growth
5602,栗本鐵工所,鉄鋼,Prime
5603,虹技,鉄鋼,Standard
5609,日本鋳造,鉄鋼,Standard
5612,日本鋳鉄管,鉄鋼,Standard
5616,雨風太陽,情報・通信業,Growth
5617,ウィル・ドゥ,情報・通信業,Other
5618,ナイル,情報・通信業,Growth
5619,マーソ,情報・通信業,Growth
5620,エスピーオー,情報・通信業,Other
5621,ヒューマンテクノロジーズ,情報・通信業,Growth
5622,ワンビ,情報・通信業,Other
5631,日本製鋼所,機械,Prime
5632,三菱製鋼,鉄鋼,Prime
5644,メタルアート,鉄鋼,Standard
5658,日亜鋼業,鉄鋼,Standard
5659,日本精線,鉄鋼,Prime
5660,神鋼鋼線工業,鉄鋼,Standard
5695,パウダーテック,鉄鋼,Standard
5697,サンユウ,鉄鋼,Standard
5698,エンビプロ・ホールディングス,鉄鋼,Standard
5699,イボキン,鉄鋼,Standard
5702,大紀アルミニウム工業所,非鉄金属,Prime
5703,日本軽金属ホールディングス,非鉄金属,Prime
5704,ＪＭＣ,非鉄金属,Growth
5706,三井金属,非鉄金属,Prime
5707,東邦亜鉛,非鉄金属,Prime
5711,三菱マテリアル,非鉄金属,Prime
5713,住友金属鉱山,非鉄金属,Prime
5714,ＤＯＷＡホールディングス,非鉄金属,Prime
5715,古河機械金属,非鉄金属,Prime
5721,エス・サイエンス,非鉄金属,Standard
5724,アサカ理研,非鉄金属,Standard
5726,大阪チタニウムテクノロジーズ,非鉄金属,Prime
5727,東邦チタニウム,非鉄金属,Prime
5729,日本精鉱,非鉄金属,Standard
5741,ＵＡＣＪ,非鉄金属,Prime
5742,エヌアイシ・オートテック,非鉄金属,Standard
5753,日本伸銅,非鉄金属,Standard
5757,ＣＫサンエツ,非鉄金属,Prime
5801,古河電気工業,非鉄金属,Prime
5802,住友電気工業,非鉄金属,Prime
5803,フジクラ,非鉄金属,Prime
5805,ＳＷＣＣ,非鉄金属,Prime
5816,オーナンバ,非鉄金属,Standard
5817,ＪＭＡＣＳ,非鉄金属,Standard
5819,カナレ電気,非鉄金属,Standard
5820,三ッ星,非鉄金属,Standard
5821,平河ヒューテック,非鉄金属,Prime
5830,いよぎんホールディングス,銀行業,Prime
5831,しずおかフィナンシャルグループ,銀行業,Prime
5832,ちゅうぎんフィナンシャルグループ,銀行業,Prime
5834,ＳＢＩリーシングサービス,証券、商品先物取引業,Growth
5838,楽天銀行,銀行業,Prime
5840,日本総険,保険業,Other
5842,インテグラル,証券、商品先物取引業,Growth
5843,ニッポンインシュア,その他金融業,Standard
5844,京都フィナンシャルグループ,銀行業,Prime
5845,全保連,その他金融業,Standard
5851,リョービ,非鉄金属,Prime
5852,アーレスティ,非鉄金属,Prime
5856,エルアイイーエイチ,小売業,Standard
5857,ＡＲＥホールディングス,非鉄金属,Prime
5858,ＳＴＧ,非鉄金属,Growth
5866,ＷｉｚＢｉｚ,サービス業,Other
5867,エスネットワークス,サービス業,Growth
5868,ロココ,サービス業,Standard
5869,早稲田学習研究会,サービス業,Standard
5870,ナルネットコミュニケーションズ,サービス業,Growth
5871,ＳＯＬＩＺＥ　Ｈｏｌｄｉｎｇｓ,サービス業,Standard
5883,ＧＴホールディングス,卸売業,Other
5884,クラダシ,小売業,Growth
5885,ジーデップ・アドバンス,卸売業,Standard
5886,ＯＯＫＡＢＥ　ＧＬＡＳＳ,卸売業,Other
5887,光響,卸売業,Other
5888,ＤＡＩＷＡ　ＣＹＣＬＥ,小売業,Growth
5889,Ｊａｐａｎ　Ｅｙｅｗｅａｒ　Ｈｏｌｄｉｎｇｓ,小売業,Prime
5890,オフィスバスターズ,小売業,Other
5891,魁力屋,小売業,Standard
5892,ｙｕｔｏｒｉ,小売業,Growth
5893,ＲＡＶＩＰＡ,小売業,Other
5900,ダイケン,金属製品,Standard
5901,東洋製罐グループホールディングス,金属製品,Prime
5902,ホッカンホールディングス,金属製品,Prime
5903,シンポ,金属製品,Standard
5905,日本製罐,金属製品,Standard
5906,エムケー精工,金属製品,Standard
5909,コロナ,金属製品,Standard
5911,横河ブリッジホールディングス,金属製品,Prime
5915,駒井ハルテック,金属製品,Standard
5918,瀧上工業,金属製品,Standard
5921,川岸工業,金属製品,Standard
5922,那須電機鉄工,金属製品,Standard
5923,高田機工,金属製品,Standard
5928,アルメタックス,金属製品,Standard
5929,三和ホールディングス,金属製品,Prime
5930,文化シヤッター,金属製品,Prime
5932,三協立山,金属製品,Prime
5933,アルインコ,金属製品,Prime
5936,東洋シヤッター,金属製品,Standard
5938,ＬＩＸＩＬ,金属製品,Prime
5939,大谷工業,金属製品,Standard
5940,不二サッシ,金属製品,Standard
5941,中西製作所,金属製品,Standard
5942,日本フイルコン,金属製品,Standard
5943,ノーリツ,金属製品,Prime
5945,天龍製鋸,金属製品,Standard
5946,長府製作所,金属製品,Prime
5947,リンナイ,金属製品,Prime
5949,ユニプレス,輸送用機器,Prime
5950,日本パワーファスニング,金属製品,Standard
5951,ダイニチ工業,金属製品,Standard
5952,アマテイ,金属製品,Standard
5955,ワイズホールディングス,金属製品,Standard
5956,トーソー,金属製品,Standard
5957,日東精工,金属製品,Prime
5958,三洋工業,金属製品,Standard
5959,岡部,金属製品,Prime
5962,浅香工業,その他製品,Standard
5965,フジマック,金属製品,Standard
5966,京都機械工具,金属製品,Standard
5967,ＴＯＮＥ,金属製品,Standard
5969,ロブテックス,金属製品,Standard
5970,ジーテクト,金属製品,Prime
5971,共和工業所,金属製品,Standard
5973,トーアミ,金属製品,Standard
5974,中国工業,金属製品,Standard
5975,東プレ,金属製品,Prime
5976,高周波熱錬,金属製品,Prime
5981,東京製綱,金属製品,Prime
5982,マルゼン,金属製品,Standard
5983,イワブチ,金属製品,Standard
5984,兼房,金属製品,Standard
5985,サンコール,金属製品,Standard
5986,モリテック　スチール,金属製品,Standard
5987,オーネックス,金属製品,Standard
5988,パイオラックス,金属製品,Prime
5989,エイチワン,金属製品,Prime
5990,スーパーツール,金属製品,Standard
5991,日本発條,金属製品,Prime
5992,中央発條,金属製品,Standard
5994,ファインシンター,金属製品,Standard
5997,協立エアテック,金属製品,Standard
5998,アドバネクス,金属製品,Standard
6005,三浦工業,機械,Prime
6013,タクマ,機械,Prime
6016,ジャパンエンジンコーポレーション,輸送用機器,Standard
6018,阪神内燃機工業,輸送用機器,Standard
6022,赤阪鐵工所,機械,Standard
6023,ダイハツインフィニアース,輸送用機器,Standard
6027,弁護士ドットコム,サービス業,Prime
6029,アトラグループ,サービス業,Standard
6030,アドベンチャー,サービス業,Growth
6031,ＺＥＴＡ,サービス業,Growth
6033,エクストリーム,サービス業,Growth
6034,ＭＲＴ,サービス業,Growth
6035,アイ・アールジャパンホールディングス,サービス業,Standard
6036,ＫｅｅＰｅｒ技研,サービス業,Prime
6037,楽待,サービス業,Standard
6038,イード,サービス業,Growth
6039,日本動物高度医療センター,サービス業,Growth
6040,日本スキー場開発,サービス業,Growth
6042,ニッキ,輸送用機器,Standard
6044,三機サービス,サービス業,Standard
6045,レントラックス,サービス業,Growth
6046,リンクバル,サービス業,Growth
6047,Ｇｕｎｏｓｙ,サービス業,Prime
6049,イトクロ,サービス業,Growth
6050,イー・ガーディアン,サービス業,Prime
6054,リブセンス,サービス業,Standard
6055,ジャパンマテリアル,サービス業,Prime
6058,ベクトル,サービス業,Prime
6059,ウチヤマホールディングス,サービス業,Standard
6061,ユニバーサル園芸社,サービス業,Standard
6062,チャーム・ケア・コーポレーション,サービス業,Prime
6063,日本エマージェンシーアシスタンス,サービス業,Standard
6069,トレンダーズ,サービス業,Growth
6070,キャリアリンク,サービス業,Prime
6071,ＩＢＪ,サービス業,Prime
6072,地盤ネットホールディングス,サービス業,Standard
6073,アサンテ,サービス業,Prime
6074,ジェイエスエス,サービス業,Standard
6078,バリューＨＲ,サービス業,Prime
6080,Ｍ＆Ａキャピタルパートナーズ,サービス業,Prime
6081,アライドアーキテクツ,サービス業,Growth
6082,ライドオンエクスプレスホールディングス,サービス業,Standard
6083,ＥＲＩホールディングス,サービス業,Standard
6085,アーキテクツ・スタジオ・ジャパン,サービス業,Growth
6086,シンメンテホールディングス,サービス業,Growth
6087,アビスト,サービス業,Standard
6088,シグマクシス・ホールディングス,サービス業,Prime
6089,ウィルグループ,サービス業,Prime
6090,ヒューマン・メタボローム・テクノロジーズ,サービス業,Standard
6091,ウエスコホールディングス,サービス業,Standard
6092,エンバイオ・ホールディングス,サービス業,Standard
6093,エスクロー・エージェント・ジャパン,サービス業,Standard
6094,フリークアウト・ホールディングス,サービス業,Growth
6096,レアジョブ,サービス業,Standard
6098,リクルートホールディングス,サービス業,Prime
6099,エラン,サービス業,Prime
6101,ツガミ,機械,Prime
6103,オークマ,機械,Prime
6104,芝浦機械,機械,Prime
6113,アマダ,機械,Prime
6118,アイダエンジニアリング,機械,Prime
6125,岡本工作機械製作所,機械,Standard
6134,ＦＵＪＩ,機械,Prime
6135,牧野フライス製作所,機械,Prime
6136,オーエスジー,機械,Prime
6137,小池酸素工業,機械,Standard
6138,ダイジェット工業,機械,Standard
6140,旭ダイヤモンド工業,機械,Prime
6141,ＤＭＧ森精機,機械,Prime
6143,ソディック,機械,Prime
6144,西部電機,機械,Standard
6145,ＮＩＴＴＯＫＵ,機械,Standard
6146,ディスコ,機械,Prime
6147,ヤマザキ,機械,Standard
6149,小田原エンジニアリング,機械,Standard
6150,タケダ機械,機械,Standard
6151,日東工器,機械,Prime
6155,高松機械工業,機械,Standard
6156,エーワン精密,機械,Standard
6157,日進工具,機械,Standard
6158,和井田製作所,機械,Standard
6159,ミクロン精密,機械,Standard
6161,エスティック,機械,Standard
6165,パンチ工業,機械,Standard
6166,中村超硬,機械,Growth
6167,冨士ダイス,機械,Prime
6168,ＯＮＥ　ＧＲＯＵＰ,機械,Other
6171,土木管理総合試験所,サービス業,Standard
6173,アクアライン,サービス業,Growth
6174,デンタス,サービス業,Other
6176,ブランジスタ,サービス業,Standard
6177,ＡｐｐＢａｎｋ,サービス業,Growth
6178,日本郵政,サービス業,Prime
6180,ＧＭＯメディア,サービス業,Growth
6181,タメニー,サービス業,Growth
6182,メタリアル,サービス業,Growth
6183,ベルシステム２４ホールディングス,サービス業,Prime
6184,鎌倉新書,サービス業,Prime
6185,ＳＭＮ,サービス業,Standard
6186,一蔵,サービス業,Standard
6189,グローバルキッズＣＯＭＰＡＮＹ,サービス業,Standard
6190,フェニックスバイオ,サービス業,Growth
6191,エアトリ,サービス業,Prime
6193,バーチャレクス・ホールディングス,サービス業,Growth
6194,アトラエ,サービス業,Prime
6195,ホープ,サービス業,Growth
6196,ストライク,サービス業,Prime
6197,ソラスト,サービス業,Prime
6198,キャリア,サービス業,Growth
6199,セラク,サービス業,Standard
6200,インソース,サービス業,Prime
6201,豊田自動織機,輸送用機器,Prime
6203,豊和工業,機械,Standard
6208,石川製作所,機械,Standard
6209,リケンＮＰＲ,機械,Prime
6217,津田駒工業,機械,Standard
6218,エンシュウ,機械,Standard
6222,島精機製作所,機械,Prime
6223,西部技研,機械,Standard
6224,ＪＲＣ,機械,Growth
6226,守谷輸送機工業,機械,Standard
6227,ＡＩメカテック,機械,Standard
6228,ジェイ・イー・ティ,機械,Standard
6229,オーケーエム,機械,Standard
6230,ＳＡＮＥＩ,機械,Standard
6231,木村工機,機械,Standard
6232,ＡＣＳＬ,機械,Growth
6233,ＫＬＡＳＳ,機械,Standard
6235,オプトラン,機械,Prime
6237,イワキポンプ,機械,Prime
6238,フリュー,機械,Prime
6239,ナガオカ,機械,Standard
6240,ヤマシンフィルタ,機械,Prime
6245,ヒラノテクシード,機械,Standard
6246,テクノスマート,機械,Standard
6247,日阪製作所,機械,Prime
6248,横田製作所,機械,Standard
6249,ゲームカードホールディングス,機械,Standard
6250,やまびこ,機械,Prime
6254,野村マイクロ・サイエンス,機械,Prime
6255,エヌ・ピー・シー,機械,Growth
6257,藤商事,機械,Standard
6258,平田機工,機械,Prime
6262,ＰＥＧＡＳＵＳ,機械,Standard
6264,マルマエ,機械,Prime
6265,コンバム,機械,Standard
6266,タツモ,機械,Prime
6267,ゼネラルパッカー,機械,Standard
6268,ナブテスコ,機械,Prime
6269,三井海洋開発,機械,Prime
6272,レオン自動機,機械,Prime
6273,ＳＭＣ,機械,Prime
6276,シリウスビジョン,電気機器,Standard
6277,ホソカワミクロン,機械,Prime
6278,ユニオンツール,機械,Prime
6279,瑞光,機械,Prime
6282,オイレス工業,機械,Prime
6284,日精エー・エス・ビー機械,機械,Prime
6286,靜甲,機械,Standard
6287,サトー,機械,Prime
6289,技研製作所,機械,Prime
6291,日本エアーテック,機械,Standard
6292,カワタ,機械,Standard
6294,オカダアイヨン,機械,Prime
6298,ワイエイシイホールディングス,機械,Prime
6301,小松製作所,機械,Prime
6302,住友重機械工業,機械,Prime
6305,日立建機,機械,Prime
6306,日工,機械,Prime
6307,サンセイ,機械,Standard
6309,巴工業,機械,Prime
6310,井関農機,機械,Prime
6315,ＴＯＷＡ,機械,Prime
6316,丸山製作所,機械,Standard
6317,北川鉄工所,機械,Standard
6322,タクミナ,機械,Standard
6323,ローツェ,機械,Prime
6324,ハーモニック・ドライブ・システムズ,機械,Prime
6325,タカキタ,機械,Standard
6326,クボタ,機械,Prime
6327,北川精機,機械,Standard
6328,荏原実業,機械,Prime
6330,東洋エンジニアリング,建設業,Prime
6331,三菱化工機,機械,Prime
6332,月島ホールディングス,機械,Prime
6333,帝国電機製作所,機械,Prime
6334,明治機械,機械,Standard
6335,東京機械製作所,機械,Standard
6336,石井表記,機械,Standard
6337,テセック,機械,Standard
6338,タカトリ,機械,Standard
6339,新東工業,機械,Prime
6340,澁谷工業,機械,Prime
6342,太平製作所,機械,Standard
6343,フリージア・マクロス,機械,Standard
6345,アイチ　コーポレーション,機械,Prime
6346,キクカワエンタープライズ,機械,Standard
6347,プラコー,機械,Standard
6349,小森コーポレーション,機械,Prime
6351,鶴見製作所,機械,Prime
6356,日本ギア工業,機械,Standard
6357,三精テクノロジーズ,機械,Standard
6358,酒井重工業,機械,Prime
6360,東京自働機械製作所,機械,Standard
6361,荏原製作所,機械,Prime
6363,酉島製作所,機械,Prime
6364,ＡＩＲＭＡＮ,機械,Prime
6365,電業社機械製作所,機械,Standard
6366,千代田化工建設,建設業,Standard
6367,ダイキン工業,機械,Prime
6368,オルガノ,機械,Prime
6369,トーヨーカネツ,機械,Prime
6370,栗田工業,機械,Prime
6371,椿本チエイン,機械,Prime
6376,日機装,精密機器,Prime
6378,木村化工機,機械,Standard
6379,レイズネクスト,建設業,Prime
6380,オリエンタルチエン工業,機械,Standard
6381,アネスト岩田,機械,Prime
6382,トリニティ工業,機械,Standard
6383,ダイフク,機械,Prime
6384,昭和真空,機械,Standard
6387,サムコ,機械,Prime
6390,加藤製作所,機械,Prime
6391,加地テック,機械,Standard
6392,ヤマダコーポレーション,機械,Standard
6393,油研工業,機械,Standard
6395,タダノ,機械,Prime
6396,宇野澤組鐵工所,機械,Standard
6400,不二精機,機械,Standard
6402,兼松エンジニアリング,機械,Standard
6403,水道機工,機械,Standard
6405,鈴茂器工,機械,Standard
6407,ＣＫＤ,機械,Prime
6408,小倉クラッチ,機械,Standard
6412,平和,機械,Prime
6413,理想科学工業,機械,Prime
6417,ＳＡＮＫＹＯ,機械,Prime
6418,日本金銭機械,機械,Prime
6419,マースグループホールディングス,機械,Prime
6420,ガリレイ,機械,Prime
6424,高見沢サイバネティックス,機械,Standard
6425,ユニバーサルエンターテインメント,機械,Standard
6428,オーイズミ,機械,Standard
6430,ダイコク電機,機械,Prime
6432,竹内製作所,機械,Prime
6433,ヒーハイスト,機械,Standard
6436,アマノ,機械,Prime
6440,ＪＵＫＩ,機械,Prime
6444,サンデン,機械,Standard
6445,ジャノメ,機械,Prime
6448,ブラザー工業,電気機器,Prime
6454,マックス,機械,Prime
6455,モリタホールディングス,輸送用機器,Prime
6457,グローリー,機械,Prime
6458,新晃工業,機械,Prime
6459,大和冷機工業,機械,Prime
6460,セガサミーホールディングス,機械,Prime
6463,ＴＰＲ,機械,Prime
6464,ツバキ・ナカシマ,機械,Prime
6465,ホシザキ,機械,Prime
6466,ＴＶＥ,機械,Standard
6467,ニチダイ,機械,Standard
6469,放電精密加工研究所,機械,Standard
6470,大豊工業,機械,Standard
6471,日本精工,機械,Prime
6472,ＮＴＮ,機械,Prime
6473,ジェイテクト,機械,Prime
6474,不二越,機械,Prime
6479,ミネベアミツミ,電気機器,Prime
6480,日本トムソン,機械,Prime
6481,ＴＨＫ,機械,Prime
6482,ＹＵＳＨＩＮ,機械,Standard
6484,ＫＶＫ,機械,Standard
6485,前澤給装工業,機械,Standard
6486,イーグル工業,機械,Prime
6488,ヨシタケ,機械,Standard
6489,前澤工業,機械,Standard
6490,ＰＩＬＬＡＲ,機械,Prime
6492,岡野バルブ製造,機械,Standard
6493,ＮＩＴＴＡＮ,輸送用機器,Standard
6494,ＮＦＫホールディングス,機械,Standard
6495,宮入バルブ製作所,機械,Standard
6496,中北製作所,機械,Standard
6497,ハマイ,機械,Standard
6498,キッツ,機械,Prime
6501,日立製作所,電気機器,Prime
6503,三菱電機,電気機器,Prime
6504,富士電機,電気機器,Prime
6505,東洋電機製造,電気機器,Standard
6506,安川電機,電気機器,Prime
6507,シンフォニアテクノロジー,電気機器,Prime
6508,明電舎,電気機器,Prime
6513,オリジン,電気機器,Standard
6516,山洋電気,電気機器,Prime
6517,デンヨー,電気機器,Prime
6518,三相電機,電気機器,Standard
6521,オキサイド,電気機器,Growth
6522,アスタリスク,電気機器,Growth
6523,ＰＨＣホールディングス,電気機器,Prime
6524,湖北工業,電気機器,Standard
6525,ＫＯＫＵＳＡＩ　ＥＬＥＣＴＲＩＣ,電気機器,Prime
6526,ソシオネクスト,電気機器,Prime
6527,ワカ製作所,電気機器,Other
6532,ベイカレント,サービス業,Prime
6533,Ｏｒｃｈｅｓｔｒａ　Ｈｏｌｄｉｎｇｓ,サービス業,Prime
6535,アイモバイル,サービス業,Prime
6537,ＷＡＳＨハウス,サービス業,Growth
6538,ディスラプターズ,サービス業,Standard
6539,ＭＳ－Ｊａｐａｎ,サービス業,Prime
6540,船場,サービス業,Standard
6543,日宣,サービス業,Standard
6544,ジャパンエレベーターサービスホールディングス,サービス業,Prime
6545,インターネットインフィニティー,サービス業,Growth
6546,フルテック,サービス業,Standard
6547,グリーンズ,サービス業,Standard
6548,旅工房,サービス業,Growth
6549,ディーエムソリューションズ,サービス業,Standard
6551,ツナググループ・ホールディングス,サービス業,Standard
6552,ＧａｍｅＷｉｔｈ,サービス業,Standard
6554,エスユーエス,サービス業,Growth
6555,ＭＳ＆Ｃｏｎｓｕｌｔｉｎｇ,サービス業,Standard
6557,ＡＩＡＩグループ,サービス業,Growth
6558,クックビズ,サービス業,Growth
6560,エル・ティー・エス,サービス業,Prime
6561,ＨＡＮＡＴＯＵＲ　ＪＡＰＡＮ,サービス業,Growth
6562,ジーニー,サービス業,Growth
6563,みらいワークス,サービス業,Growth
6564,ミダックホールディングス,サービス業,Prime
6565,ＡＢホテル,サービス業,Standard
6566,要興業,サービス業,Standard
6568,神戸天然物化学,サービス業,Growth
6570,共和コーポレーション,サービス業,Standard
6571,キュービーネットホールディングス,サービス業,Prime
6572,オープングループ,サービス業,Prime
6573,ＣＲＡＶＩＡ,サービス業,Growth
6574,コンヴァノ,サービス業,Growth
6576,揚工舎,サービス業,Other
6577,ベストワンドットコム,サービス業,Growth
6578,コレックホールディングス,サービス業,Standard
6579,ログリー,サービス業,Growth
6580,ライトアップ,サービス業,Growth
6584,三櫻工業,輸送用機器,Prime
6586,マキタ,機械,Prime
6588,東芝テック,電気機器,Prime
6590,芝浦メカトロニクス,電気機器,Prime
6592,マブチモーター,電気機器,Prime
6594,ニデック,電気機器,Prime
6596,筑波精工,電気機器,Other
6597,ＨＰＣシステムズ,電気機器,Growth
6599,エブレン,電気機器,Standard
6612,バルミューダ,電気機器,Growth
6613,ＱＤレーザ,電気機器,Growth
6614,シキノハイテック,電気機器,Standard
6615,ユー・エム・シー・エレクトロニクス,電気機器,Prime
6616,トレックス・セミコンダクター,電気機器,Prime
6617,東光高岳,電気機器,Prime
6619,ダブル・スコープ,電気機器,Prime
6620,宮越ホールディングス,不動産業,Prime
6622,ダイヘン,電気機器,Prime
6625,ＪＡＬＣＯホールディングス,不動産業,Standard
6626,ＳＥＭＩＴＥＣ,電気機器,Standard
6627,テラプローブ,電気機器,Standard
6629,テクノホライゾン,電気機器,Standard
6630,ヤーマン,電気機器,Prime
6632,ＪＶＣケンウッド,電気機器,Prime
6633,ＣＧＳホールディングス,電気機器,Standard
6634,ＪＮグループ,電気機器,Standard
6635,大日光・エンジニアリング,電気機器,Standard
6637,寺崎電気産業,電気機器,Standard
6638,ミマキエンジニアリング,電気機器,Prime
6643,戸上電機製作所,電気機器,Standard
6644,大崎電気工業,電気機器,Prime
6645,オムロン,電気機器,Prime
6647,森尾電機,電気機器,Standard
6648,かわでん,電気機器,Standard
6651,日東工業,電気機器,Prime
6652,ＩＤＥＣ,電気機器,Prime
6653,正興電機製作所,電気機器,Prime
6654,不二電機工業,電気機器,Standard
6656,インスペック,電気機器,Standard
6658,シライ電子工業,電気機器,Standard
6659,メディアリンクス,電気機器,Standard
6662,ユビテック,電気機器,Standard
6663,太洋テクノレックス,電気機器,Standard
6664,オプトエレクトロニクス,電気機器,Standard
6666,リバーエレテック,電気機器,Standard
6668,アドテック　プラズマ　テクノロジー,電気機器,Standard
6670,ＭＣＪ,電気機器,Standard
6674,ジーエス・ユアサ　コーポレーション,電気機器,Prime
6675,サクサ,電気機器,Standard
6676,ＢＵＦＦＡＬＯ,電気機器,Standard
6677,エスケーエレクトロニクス,電気機器,Standard
6678,テクノメディカ,電気機器,Standard
6694,ズーム,電気機器,Standard
6695,キャストリコ,電気機器,Other
6696,トラース・オン・プロダクト,電気機器,Growth
6699,ダイヤモンドエレクトリックホールディングス,電気機器,Prime
6701,日本電気,電気機器,Prime
6702,富士通,電気機器,Prime
6703,沖電気工業,電気機器,Prime
6706,電気興業,電気機器,Prime
6707,サンケン電気,電気機器,Prime
6718,アイホン,電気機器,Prime
6721,ウインテスト,電気機器,Standard
6723,ルネサスエレクトロニクス,電気機器,Prime
6724,セイコーエプソン,電気機器,Prime
6727,ワコム,電気機器,Prime
6728,アルバック,電気機器,Prime
6730,アクセル,電気機器,Standard
6731,ピクセラ,電気機器,Standard
6736,サン電子,電気機器,Standard
6737,ＥＩＺＯ,電気機器,Prime
6740,ジャパンディスプレイ,電気機器,Prime
6741,日本信号,電気機器,Prime
6742,京三製作所,電気機器,Prime
6743,大同信号,電気機器,Standard
6744,能美防災,電気機器,Prime
6745,ホーチキ,電気機器,Prime
6748,星和電機,電気機器,Standard
6750,エレコム,電気機器,Prime
6752,パナソニック　ホールディングス,電気機器,Prime
6753,シャープ,電気機器,Prime
6754,アンリツ,電気機器,Prime
6757,ＯＳＧコーポレーション,電気機器,Standard
6758,ソニーグループ,電気機器,Prime
6762,ＴＤＫ,電気機器,Prime
6763,帝国通信工業,電気機器,Prime
6768,タムラ製作所,電気機器,Prime
6769,ザインエレクトロニクス,電気機器,Standard
6770,アルプスアルパイン,電気機器,Prime
6771,池上通信機,電気機器,Standard
6772,東京コスモス電機,電気機器,Standard
6775,ＴＢグループ,電気機器,Standard
6776,天昇電気工業,化学,Standard
6777,ｓａｎｔｅｃ　Ｈｏｌｄｉｎｇｓ,電気機器,Standard
6778,アルチザネットワークス,電気機器,Standard
6779,日本電波工業,電気機器,Prime
6785,鈴木,電気機器,Prime
6786,ＲＶＨ,サービス業,Standard
6787,メイコー,電気機器,Prime
6788,日本トリム,電気機器,Prime
6794,フォスター電機,電気機器,Prime
6797,名古屋電機工業,電気機器,Standard
6798,ＳＭＫ,電気機器,Prime
6800,ヨコオ,電気機器,Prime
6803,ティアック,電気機器,Standard
6804,ホシデン,電気機器,Prime
6806,ヒロセ電機,電気機器,Prime
6807,日本航空電子工業,電気機器,Prime
6809,ＴＯＡ,電気機器,Prime
6810,マクセル,電気機器,Prime
6814,古野電気,電気機器,Prime
6817,スミダコーポレーション,電気機器,Prime
6819,伊豆シャボテンリゾート,サービス業,Standard
6820,アイコム,電気機器,Prime
6822,大井電気,電気機器,Standard
6823,リオン,電気機器,Prime
6824,新コスモス電機,電気機器,Standard
6832,アオイ電子,電気機器,Standard
6834,精工技研,電気機器,Standard
6835,アライドテレシスホールディングス,電気機器,Standard
6836,ぷらっとホーム,電気機器,Standard
6837,京写,電気機器,Standard
6838,多摩川ホールディングス,電気機器,Standard
6840,ＡＫＩＢＡホールディングス,電気機器,Standard
6841,横河電機,電気機器,Prime
6844,新電元工業,電気機器,Prime
6845,アズビル,電気機器,Prime
6848,東亜ディーケーケー,電気機器,Standard
6849,日本光電工業,電気機器,Prime
6850,チノー,電気機器,Prime
6853,共和電業,電気機器,Standard
6855,日本電子材料,電気機器,Standard
6856,堀場製作所,電気機器,Prime
6857,アドバンテスト,電気機器,Prime
6858,小野測器,電気機器,Standard
6859,エスペック,電気機器,Prime
6861,キーエンス,電気機器,Prime
6862,ミナトホールディングス,電気機器,Standard
6863,ニレコ,電気機器,Standard
6864,エヌエフホールディングス,電気機器,Standard
6866,日置電機,電気機器,Prime
6867,リーダー電子,電気機器,Standard
6869,シスメックス,電気機器,Prime
6870,日本フェンオール,電気機器,Standard
6871,日本マイクロニクス,電気機器,Prime
6874,協立電機,電気機器,Standard
6875,メガチップス,電気機器,Prime
6877,ＯＢＡＲＡ　ＧＲＯＵＰ,電気機器,Standard
6882,三社電機製作所,電気機器,Standard
6888,アクモス,情報・通信業,Standard
6890,フェローテック,電気機器,Standard
6894,パルステック工業,電気機器,Standard
6897,ツインバード,電気機器,Standard
6898,トミタ電機,電気機器,Standard
6899,ＡＳＴＩ,電気機器,Standard
6901,澤藤電機,電気機器,Standard
6902,デンソー,輸送用機器,Prime
6904,原田工業,電気機器,Standard
6905,コーセル,電気機器,Prime
6907,ジオマテック,電気機器,Standard
6908,イリソ電子工業,電気機器,Prime
6912,菊水ホールディングス,電気機器,Standard
6914,オプテックスグループ,電気機器,Prime
6915,千代田インテグレ,電気機器,Standard
6918,アバールデータ,電気機器,Standard
6919,ケル,電気機器,Standard
6920,レーザーテック,電気機器,Prime
6923,スタンレー電気,電気機器,Prime
6925,ウシオ電機,電気機器,Prime
6926,岡谷電機産業,電気機器,Standard
6927,ヘリオス　テクノ　ホールディング,電気機器,Standard
6928,エノモト,電気機器,Standard
6929,日本セラミック,電気機器,Prime
6932,遠藤照明,電気機器,Standard
6941,山一電機,電気機器,Prime
6942,ソフィアホールディングス,情報・通信業,Standard
6943,ＮＫＫスイッチズ,電気機器,Standard
6946,日本アビオニクス,電気機器,Standard
6947,図研,電気機器,Prime
6951,日本電子,電気機器,Prime
6952,カシオ計算機,電気機器,Prime
6954,ファナック,電気機器,Prime
6955,ＦＤＫ,電気機器,Standard
6958,日本シイエムケイ,電気機器,Prime
6960,フクダ電子,電気機器,Standard
6961,エンプラス,電気機器,Prime
6962,大真空,電気機器,Prime
6963,ローム,電気機器,Prime
6964,サンコー,電気機器,Standard
6965,浜松ホトニクス,電気機器,Prime
6966,三井ハイテック,電気機器,Prime
6969,松尾電機,電気機器,Standard
6971,京セラ,電気機器,Prime
6976,太陽誘電,電気機器,Prime
6977,日本抵抗器製作所,電気機器,Standard
6981,村田製作所,電気機器,Prime
6982,リード,輸送用機器,Standard
6986,双葉電子工業,電気機器,Prime
6988,日東電工,化学,Prime
6989,北陸電気工業,電気機器,Standard
6993,大黒屋ホールディングス,小売業,Standard
6994,指月電機製作所,電気機器,Standard
6995,東海理化電機製作所,輸送用機器,Prime
6996,ニチコン,電気機器,Prime
6997,日本ケミコン,電気機器,Prime
6998,日本タングステン,電気機器,Standard
6999,ＫＯＡ,電気機器,Prime
7003,三井Ｅ＆Ｓ,機械,Prime
7004,カナデビア,機械,Prime
7011,三菱重工業,機械,Prime
7012,川崎重工業,輸送用機器,Prime
7013,ＩＨＩ,機械,Prime
7014,名村造船所,輸送用機器,Standard
7018,内海造船,輸送用機器,Standard
7021,ニッチツ,機械,Standard
7022,サノヤスホールディングス,機械,Standard
7030,スプリックス,サービス業,Standard
7031,インバウンドテック,サービス業,Growth
7033,マネジメントソリューションズ,サービス業,Prime
7034,プロレド・パートナーズ,サービス業,Prime
7035,ａｎｄ　ｆａｃｔｏｒｙ,サービス業,Standard
7036,イーエムネットジャパン,サービス業,Growth
7037,テノ．ホールディングス,サービス業,Standard
7038,フロンティア・マネジメント,サービス業,Prime
7039,ブリッジインターナショナルグループ,サービス業,Growth
7040,サン・ライフホールディング,サービス業,Standard
7041,ＣＲＧホールディングス,サービス業,Growth
7042,アクセスグループ・ホールディングス,サービス業,Standard
7043,アルー,サービス業,Growth
7044,ピアラ,サービス業,Standard
7046,ＴＤＳＥ,サービス業,Growth
7047,ポート,サービス業,Growth
7048,ベルトラ,サービス業,Growth
7049,識学,サービス業,Growth
7050,フロンティアインターナショナル,サービス業,Growth
7056,マルク,サービス業,Other
7057,エヌ・シー・エヌ,サービス業,Standard
7058,共栄セキュリティーサービス,サービス業,Standard
7059,コプロ・ホールディングス,サービス業,Prime
7060,ギークス,サービス業,Standard
7061,日本ホスピスホールディングス,サービス業,Growth
7062,フレアス,サービス業,Growth
7063,Ｂｉｒｄｍａｎ,サービス業,Growth
7064,ハウテレビジョン,サービス業,Standard
7065,ユーピーアール,サービス業,Standard
7066,ピアズ,サービス業,Growth
7067,ブランディングテクノロジー,サービス業,Growth
7068,フィードフォースグループ,サービス業,Growth
7069,サイバー・バズ,サービス業,Growth
7071,アンビスホールディングス,サービス業,Prime
7072,インティメート・マージャー,サービス業,Growth
7073,ジェイック,サービス業,Growth
7074,トゥエンティーフォーセブンホールディングス,サービス業,Growth
7075,ＱＬＳホールディングス,サービス業,Growth
7077,ＡＬｉＮＫインターネット,サービス業,Growth
7078,ＩＮＣＬＵＳＩＶＥ　Ｈｏｌｄｉｎｇｓ,サービス業,Growth
7079,ＷＤＢココ,サービス業,Growth
7080,スポーツフィールド,サービス業,Growth
7081,コーユーレンティア,サービス業,Standard
7082,ジモティー,サービス業,Growth
7083,ＡＨＣグループ,サービス業,Growth
7084,Ｓｍｉｌｅ　Ｈｏｌｄｉｎｇｓ,サービス業,Growth
7085,カーブスホールディングス,サービス業,Prime
7087,ウイルテック,サービス業,Standard
7088,フォーラムエンジニアリング,サービス業,Prime
7089,フォースタートアップス,サービス業,Growth
7090,リグア,サービス業,Growth
7091,リビングプラットフォーム,サービス業,Growth
7092,Ｆａｓｔ　Ｆｉｔｎｅｓｓ　Ｊａｐａｎ,サービス業,Prime
7093,アディッシュ,サービス業,Growth
7094,ＮｅｘＴｏｎｅ,サービス業,Growth
7095,Ｍａｃｂｅｅ　Ｐｌａｎｅｔ,サービス業,Prime
7096,ステムセル研究所,サービス業,Growth
7097,さくらさくプラス,サービス業,Growth
7098,エージェント,サービス業,Other
7102,日本車輌製造,輸送用機器,Prime
7105,三菱ロジスネクスト,輸送用機器,Standard
7110,クラシコム,小売業,Growth
7111,ＩＮＥＳＴ,卸売業,Standard
7112,キューブ,小売業,Growth
7114,フーディソン,卸売業,Growth
7115,アルファパーチェス,卸売業,Standard
7119,ハルメクホールディングス,小売業,Growth
7120,ＳＨＩＮＫＯ,卸売業,Standard
7122,近畿車輛,輸送用機器,Standard
7126,グローバルスタイル,小売業,Standard
7127,一家ホールディングス,小売業,Standard
7128,ユニソルホールディングス,卸売業,Prime
7129,ミアヘルサホールディングス,小売業,Standard
7130,ヤマエグループホールディングス,卸売業,Prime
7131,のむら産業,卸売業,Standard
7132,フローバル,卸売業,Other
7133,ＨＹＵＧＡ　ＰＲＩＭＡＲＹ　ＣＡＲＥ,小売業,Growth
7134,アップガレージグループ,小売業,Standard
7135,ジャパンクラフトホールディングス,小売業,Standard
7136,ウェルビングループ,小売業,Other
7137,グラントマト,小売業,Other
7138,ＴＯＲＩＣＯ,小売業,Growth
7139,東京高圧山崎,卸売業,Other
7140,ペットゴー,小売業,Growth
7148,ＦＰＧ,証券、商品先物取引業,Prime
7150,島根銀行,銀行業,Standard
7157,ライフネット生命保険,保険業,Prime
7161,じもとホールディングス,銀行業,Standard
7162,アストマックス,電気・ガス業,Standard
7164,全国保証,その他金融業,Prime
7167,めぶきフィナンシャルグループ,銀行業,Prime
7170,中央インターナショナルグループ,保険業,Other
7172,ジャパンインベストメントアドバイザー,証券、商品先物取引業,Prime
7173,東京きらぼしフィナンシャルグループ,銀行業,Prime
7175,今村証券,証券、商品先物取引業,Standard
7176,シンプレクス・ファイナンシャル・ホールディングス,証券、商品先物取引業,Other
7177,ＧＭＯフィナンシャルホールディングス,証券、商品先物取引業,Standard
7180,九州フィナンシャルグループ,銀行業,Prime
7181,かんぽ生命保険,保険業,Prime
7182,ゆうちょ銀行,銀行業,Prime
7183,あんしん保証,その他金融業,Standard
7184,富山第一銀行,銀行業,Prime
7185,ヒロセ通商,証券、商品先物取引業,Standard
7186,横浜フィナンシャルグループ,銀行業,Prime
7187,ジェイリース,その他金融業,Prime
7189,西日本フィナンシャルホールディングス,銀行業,Prime
7191,イントラスト,その他金融業,Standard
7192,日本モーゲージサービス,その他金融業,Standard
7196,Ｃａｓａ,その他金融業,Standard
7198,ＳＢＩアルヒ,その他金融業,Prime
7199,プレミアグループ,その他金融業,Prime
7201,日産自動車,輸送用機器,Prime
7202,いすゞ自動車,輸送用機器,Prime
7203,トヨタ自動車,輸送用機器,Prime
7208,カネミツ,輸送用機器,Standard
7211,三菱自動車工業,輸送用機器,Prime
7212,エフテック,輸送用機器,Standard
7213,レシップホールディングス,輸送用機器,Standard
7214,ＧＭＢ,輸送用機器,Standard
7215,ファルテック,輸送用機器,Standard
7217,テイン,輸送用機器,Standard
7218,田中精密工業,輸送用機器,Standard
7219,エッチ・ケー・エス,輸送用機器,Standard
7220,武蔵精密工業,輸送用機器,Prime
7222,日産車体,輸送用機器,Standard
7224,新明和工業,輸送用機器,Prime
7226,極東開発工業,輸送用機器,Prime
7228,デイトナ,輸送用機器,Standard
7229,ユタカ技研,輸送用機器,Standard
7231,トピー工業,輸送用機器,Prime
7235,東京ラヂエーター製造,輸送用機器,Standard
7236,ティラド,輸送用機器,Prime
7238,曙ブレーキ工業,輸送用機器,Prime
7239,タチエス,輸送用機器,Prime
7240,ＮＯＫ,輸送用機器,Prime
7241,フタバ産業,輸送用機器,Prime
7242,カヤバ,輸送用機器,Prime
7244,市光工業,電気機器,Prime
7245,大同メタル工業,輸送用機器,Prime
7246,プレス工業,輸送用機器,Prime
7247,ミクニ,輸送用機器,Standard
7250,太平洋工業,輸送用機器,Prime
7254,ユニバンス,輸送用機器,Standard
7255,桜井製作所,輸送用機器,Standard
7256,河西工業,輸送用機器,Standard
7259,アイシン,輸送用機器,Prime
7261,マツダ,輸送用機器,Prime
7264,ムロコーポレーション,輸送用機器,Standard
7265,エイケン工業,輸送用機器,Standard
7266,今仙電機製作所,輸送用機器,Standard
7267,本田技研工業,輸送用機器,Prime
7269,スズキ,輸送用機器,Prime
7270,ＳＵＢＡＲＵ,輸送用機器,Prime
7271,安永,輸送用機器,Standard
7272,ヤマハ発動機,輸送用機器,Prime
7273,イクヨ,輸送用機器,Standard
7276,小糸製作所,電気機器,Prime
7277,ＴＢＫ,輸送用機器,Standard
7278,エクセディ,輸送用機器,Prime
7279,ハイレックスコーポレーション,輸送用機器,Standard
7280,ミツバ,電気機器,Prime
7282,豊田合成,輸送用機器,Prime
7283,愛三工業,輸送用機器,Prime
7284,盟和産業,輸送用機器,Standard
7287,日本精機,輸送用機器,Standard
7291,日本プラスト,輸送用機器,Standard
7292,村上開明堂,輸送用機器,Standard
7294,ヨロズ,輸送用機器,Prime
7296,エフ・シー・シー,輸送用機器,Prime
7297,カーメイト,輸送用機器,Standard
7299,フジオーゼックス,輸送用機器,Standard
7305,新家工業,鉄鋼,Standard
7309,シマノ,輸送用機器,Prime
7313,テイ・エス　テック,輸送用機器,Prime
7314,小田原機器,輸送用機器,Standard
7317,松屋アールアンドディ,輸送用機器,Growth
7318,セレンディップ・ホールディングス,輸送用機器,Growth
7320,Ｓｏｌｖｖｙ,その他金融業,Growth
7322,三十三フィナンシャルグループ,銀行業,Prime
7325,アイリックコーポレーション,保険業,Growth
7326,ＳＢＩインシュアランスグループ,保険業,Growth
7327,第四北越フィナンシャルグループ,銀行業,Prime
7337,ひろぎんホールディングス,銀行業,Prime
7343,ブロードマインド,保険業,Growth
7345,アイ・パートナーズフィナンシャル,その他金融業,Growth
7347,マーキュリアホールディングス,証券、商品先物取引業,Prime
7350,おきなわフィナンシャルグループ,銀行業,Prime
7351,グッドパッチ,サービス業,Growth
7352,ＴＷＯＳＴＯＮＥ＆Ｓｏｎｓ,サービス業,Growth
7353,ＫＩＹＯラーニング,サービス業,Growth
7354,ダイレクトマーケティングミックス,サービス業,Standard
7355,一寸房,サービス業,Other
7356,Ｒｅｔｔｙ,サービス業,Growth
7357,ジオコード,サービス業,Standard
7358,ポピンズ,サービス業,Standard
7359,東京通信グループ,サービス業,Growth
7360,オンデック,サービス業,Growth
7361,ヒューマンクリエイションホールディングス,サービス業,Growth
7362,Ｔ．Ｓ．Ｉ,サービス業,Growth
7363,ベビーカレンダー,サービス業,Growth
7364,琉球アスティーダスポーツクラブ,サービス業,Other
7366,ＬＩＴＡＬＩＣＯ,サービス業,Prime
7367,セルム,サービス業,Standard
7368,表示灯,サービス業,Standard
7369,メイホーホールディングス,サービス業,Growth
7370,Ｅｎｊｉｎ,サービス業,Growth
7371,Ｚｅｎｋｅｎ,サービス業,Growth
7372,デコルテ・ホールディングス,サービス業,Growth
7373,アイドマ・ホールディングス,サービス業,Growth
7374,コンフィデンス・インターワークス,サービス業,Growth
7375,リファインバースグループ,サービス業,Growth
7376,ＢＣＣ,サービス業,Growth
7377,ＤＮホールディングス,サービス業,Standard
7378,アシロ,サービス業,Growth
7380,十六フィナンシャルグループ,銀行業,Prime
7381,ＣＣＩグループ,銀行業,Prime
7383,ネットプロテクションズホールディングス,その他金融業,Prime
7384,プロクレアホールディングス,銀行業,Prime
7388,ＦＰパートナー,保険業,Prime
7389,あいちフィナンシャルグループ,銀行業,Prime
7399,ナンシン,輸送用機器,Standard
7409,ＡｅｒｏＥｄｇｅ,輸送用機器,Growth
7412,アトム,小売業,Standard
7413,創健社,卸売業,Standard
7414,小野建,卸売業,Prime
7416,はるやまホールディングス,小売業,Standard
7417,南陽,卸売業,Standard
7419,ノジマ,小売業,Prime
7421,カッパ・クリエイト,小売業,Prime
7422,東邦レマック,卸売業,Standard
7425,初穂商事,卸売業,Standard
7426,山大,卸売業,Standard
7427,エコートレーディング,卸売業,Standard
7433,伯東,卸売業,Prime
7434,オータケ,卸売業,Standard
7435,ナ・デックス,卸売業,Standard
7438,コンドーテック,卸売業,Prime
7442,中山福,卸売業,Standard
7443,横浜魚類,卸売業,Standard
7444,ハリマ共和物産,卸売業,Standard
7446,東北化学薬品,卸売業,Standard
7447,ナガイレーベン,卸売業,Prime
7450,サンデー,小売業,Standard
7453,良品計画,小売業,Prime
7456,松田産業,卸売業,Prime
7458,第一興商,卸売業,Prime
7459,メディパルホールディングス,卸売業,Prime
7460,ヤギ,卸売業,Standard
7461,キムラ,卸売業,Standard
7462,ＣＡＰＩＴＡ,小売業,Standard
7463,アドヴァングループ,小売業,Standard
7464,セフテック,卸売業,Standard
7466,ＳＰＫ,卸売業,Prime
7472,鳥羽洋行,卸売業,Standard
7475,アルビス,小売業,Prime
7476,アズワン,卸売業,Prime
7477,ムラキ,卸売業,Standard
7480,スズデン,卸売業,Standard
7481,尾家産業,卸売業,Standard
7482,シモジマ,卸売業,Prime
7483,ドウシシャ,卸売業,Prime
7486,サンリン,卸売業,Standard
7487,小津産業,卸売業,Standard
7490,日新商事,卸売業,Standard
7494,コナカ,小売業,Standard
7500,西川計測,卸売業,Standard
7501,ティムコ,卸売業,Standard
7502,プラザホールディングス,サービス業,Standard
7504,高速,卸売業,Prime
7505,扶桑電通,卸売業,Standard
7506,ハウス　オブ　ローゼ,小売業,Standard
7508,Ｇ‐７ホールディングス,小売業,Prime
7509,アイエーグループ,小売業,Standard
7510,たけびし,卸売業,Prime
7512,イオン北海道,小売業,Standard
7513,コジマ,小売業,Prime
7514,ヒマラヤ,小売業,Standard
7515,マルヨシセンター,小売業,Standard
7516,コーナン商事,小売業,Prime
7520,エコス,小売業,Prime
7521,ムサシ,卸売業,Standard
7522,ワタミ,小売業,Prime
7523,アールビバン,小売業,Standard
7524,マルシェ,小売業,Standard
7525,リックス,卸売業,Prime
7527,システムソフト,情報・通信業,Standard
7531,清和中央ホールディングス,卸売業,Standard
7532,パン・パシフィック・インターナショナルホールディングス,小売業,Prime
7537,丸文,卸売業,Prime
7538,大水,卸売業,Standard
7539,アイナボホールディングス,卸売業,Standard
7544,スリーエフ,小売業,Standard
7545,西松屋チェーン,小売業,Prime
7550,ゼンショーホールディングス,小売業,Prime
7550,ゼンショーホールディングス第１回社債型種類株式,小売業,Prime
7551,ウェッズ,輸送用機器,Standard
7552,ハピネット,卸売業,Prime
7554,幸楽苑,小売業,Prime
7555,大田花き,卸売業,Standard
7561,ハークスレイ,小売業,Standard
7562,安楽亭,小売業,Standard
7564,ワークマン,小売業,Standard
7565,萬世電機,卸売業,Standard
7567,栄電子,卸売業,Standard
7570,橋本総業ホールディングス,卸売業,Standard
7571,ヤマノホールディングス,小売業,Standard
7575,日本ライフライン,卸売業,Prime
7578,ニチリョク,小売業,Standard
7581,サイゼリヤ,小売業,Prime
7585,かんなん丸,小売業,Standard
7590,タカショー,卸売業,Standard
7593,ＶＴホールディングス,小売業,Prime
7595,アルゴグラフィックス,情報・通信業,Prime
7596,魚力,小売業,Prime
7599,ＩＤＯＭ,卸売業,Prime
7600,日本エム・ディ・エム,精密機器,Prime
7601,ポプラ,小売業,Standard
7602,レダックス,卸売業,Standard
7603,ジーイエット,小売業,Standard
7604,梅の花グループ,小売業,Standard
7606,ユナイテッドアローズ,小売業,Prime
7607,進和,卸売業,Prime
7608,エスケイジャパン,卸売業,Standard
7609,ダイトロン,卸売業,Prime
7610,テイツー,小売業,Standard
7611,ハイデイ日高,小売業,Prime
7613,シークス,卸売業,Prime
7614,オーエムツーネットワーク,小売業,Standard
7615,京都きもの友禅ホールディングス,小売業,Standard
7616,コロワイド,小売業,Prime
7619,田中商事,卸売業,Standard
7621,うかい,小売業,Standard
7624,ＮａＩＴＯ,卸売業,Standard
7625,グローバルダイニング,小売業,Standard
7628,オーハシテクニカ,卸売業,Prime
7630,壱番屋,小売業,Prime
7634,星医療酸器,卸売業,Standard
7636,ハンズマン,小売業,Standard
7637,白銅,卸売業,Prime
7638,ＮＥＷ　ＡＲＴ　ＨＯＬＤＩＮＧＳ,小売業,Standard
7640,トップカルチャー,小売業,Standard
7643,ダイイチ,小売業,Standard
7646,ＰＬＡＮＴ,小売業,Standard
7649,スギホールディングス,小売業,Prime
7670,オーウエル,卸売業,Standard
7673,ダイコー通産,卸売業,Standard
7674,ＮＡＴＴＹ　ＳＷＡＮＫＹホールディングス,小売業,Growth
7677,ヤシマキザイ,卸売業,Standard
7678,あさくま,小売業,Standard
7679,薬王堂ホールディングス,小売業,Prime
7680,軽自動車館,小売業,Other
7681,レオクラン,卸売業,Standard
7682,浜木綿,小売業,Standard
7683,ダブルエー,小売業,Prime
7685,ＢｕｙＳｅｌｌ　Ｔｅｃｈｎｏｌｏｇｉｅｓ,卸売業,Growth
7686,ひとまいる,小売業,Standard
7687,ミクリード,卸売業,Growth
7689,コパ・コーポレーション,卸売業,Growth
7690,カレント自動車,卸売業,Other
7691,Ｃ　Ｃｈａｎｎｅｌ,小売業,Other
7692,アースインフィニティ,電気・ガス業,Standard
7693,北海道歯科産業,卸売業,Other
7694,いつも,小売業,Growth
7695,交換できるくん,小売業,Growth
7698,アイスコ,卸売業,Standard
7699,オムニ・プラス・システム・リミテッド　ＪＤＲ,卸売業,Growth
7701,島津製作所,精密機器,Prime
7702,ＪＭＳ,精密機器,Standard
7707,プレシジョン・システム・サイエンス,精密機器,Growth
7709,クボテック,精密機器,Standard
7711,助川電気工業,精密機器,Standard
7713,シグマ光機,精密機器,Standard
7715,長野計器,精密機器,Prime
7716,ナカニシ,精密機器,Standard
7717,ブイ・テクノロジー,精密機器,Prime
7719,東京衡機,精密機器,Standard
7721,東京計器,精密機器,Prime
7722,国際計測器,精密機器,Standard
7723,愛知時計電機,精密機器,Prime
7725,インターアクション,精密機器,Prime
7726,黒田精工,機械,Standard
7727,オーバル,精密機器,Standard
7729,東京精密,精密機器,Prime
7730,マニー,精密機器,Prime
7731,ニコン,精密機器,Prime
7733,オリンパス,精密機器,Prime
7734,理研計器,精密機器,Prime
7735,ＳＣＲＥＥＮホールディングス,電気機器,Prime
7739,キヤノン電子,電気機器,Prime
7740,タムロン,精密機器,Prime
7741,ＨＯＹＡ,精密機器,Prime
7743,シード,精密機器,Standard
7744,ノーリツ鋼機,精密機器,Prime
7745,Ａ＆Ｄホロンホールディングス,精密機器,Prime
7746,岡本硝子,精密機器,Standard
7747,朝日インテック,精密機器,Prime
7749,メディキット,精密機器,Standard
7751,キヤノン,電気機器,Prime
7752,リコー,電気機器,Prime
7760,ＩＭＶ,精密機器,Standard
7762,シチズン時計,精密機器,Prime
7769,リズム,精密機器,Prime
7771,日本精密,精密機器,Standard
7774,ジャパン・ティッシュエンジニアリング,精密機器,Growth
7775,大研医器,精密機器,Standard
7776,セルシード,精密機器,Growth
7777,スリー・ディー・マトリックス,精密機器,Growth
7779,ＣＹＢＥＲＤＹＮＥ,精密機器,Growth
7780,メニコン,精密機器,Prime
7781,平山ホールディングス,精密機器,Standard
7782,シンシア,精密機器,Standard
7791,ドリームベッド,その他製品,Standard
7792,コラントッテ,その他製品,Growth
7793,イメージ・マジック,その他製品,Growth
7794,イーディーピー,その他製品,Growth
7795,ＫＹＯＲＩＴＳＵ,その他製品,Standard
7800,アミファ,その他製品,Standard
7803,ブシロード,その他製品,Growth
7804,ビーアンドピー,その他製品,Standard
7805,プリントネット,その他製品,Standard
7806,ＭＴＧ,その他製品,Growth
7807,幸和製作所,その他製品,Standard
7808,シー・エス・ランバー,その他製品,Standard
7809,壽屋,その他製品,Standard
7810,クロスフォー,その他製品,Standard
7811,中本パックス,その他製品,Standard
7812,クレステック,その他製品,Standard
7813,プラッツ,その他製品,Standard
7814,日本創発グループ,その他製品,Standard
7815,東京ボード工業,その他製品,Standard
7818,トランザクション,その他製品,Prime
7819,粧美堂,その他製品,Standard
7820,ニホンフラッシュ,その他製品,Prime
7821,前田工繊,その他製品,Prime
7822,永大産業,その他製品,Standard
7823,アートネイチャー,その他製品,Standard
7826,フルヤ金属,その他製品,Prime
7827,オービス,その他製品,Standard
7831,ウイルコホールディングス,その他製品,Standard
7832,バンダイナムコホールディングス,その他製品,Prime
7833,アイフィスジャパン,その他製品,Standard
7836,アビックス,その他製品,Standard
7837,アールシーコア,その他製品,Standard
7839,ＳＨＯＥＩ,その他製品,Prime
7840,フランスベッドホールディングス,その他製品,Prime
7841,遠藤製作所,その他製品,Standard
7844,マーベラス,情報・通信業,Prime
7846,パイロットコーポレーション,その他製品,Prime
7847,グラファイトデザイン,その他製品,Standard
7849,スターツ出版,情報・通信業,Standard
7850,総合商研,その他製品,Standard
7851,カワセコンピュータサプライ,その他製品,Standard
7856,萩原工業,その他製品,Prime
7857,セキ,その他製品,Standard
7859,アルメディオ,その他製品,Standard
7860,エイベックス,情報・通信業,Prime
7863,平賀,その他製品,Standard
7864,フジシールインターナショナル,その他製品,Prime
7865,ピープル,その他製品,Standard
7867,タカラトミー,その他製品,Prime
7868,広済堂ホールディングス,その他製品,Prime
7871,フクビ化学工業,化学,Standard
7872,エステールホールディングス,その他製品,Standard
7874,レック,化学,Prime
7875,竹田ｉＰホールディングス,その他製品,Standard
7877,永大化工,化学,Standard
7878,光・彩,その他製品,Standard
7879,ノダ,その他製品,Standard
7883,サンメッセ,その他製品,Standard
7885,タカノ,その他製品,Standard
7886,ヤマト　モビリティ　＆　Ｍｆｇ．,化学,Standard
7887,南海プライウッド,その他製品,Standard
7888,三光合成,化学,Prime
7893,プロネクサス,その他製品,Prime
7896,セブン工業,その他製品,Standard
7897,ホクシン,その他製品,Standard
7898,ウッドワン,その他製品,Standard
7901,マツモト,その他製品,Standard
7902,ソノコム,その他製品,Standard
7906,ヨネックス,その他製品,Standard
7908,きもと,化学,Standard
7911,ＴＯＰＰＡＮホールディングス,その他製品,Prime
7912,大日本印刷,その他製品,Prime
7914,共同印刷,その他製品,Prime
7915,ＮＩＳＳＨＡ,その他製品,Prime
7916,光村印刷,その他製品,Standard
7917,ＺＡＣＲＯＳ,化学,Prime
7918,ヴィア・ホールディングス,小売業,Standard
7919,野崎印刷紙業,その他製品,Standard
7921,ＴＡＫＡＲＡ　＆　ＣＯＭＰＡＮＹ,その他製品,Prime
7922,三光産業,その他製品,Standard
7925,前澤化成工業,化学,Prime
7927,ムトー精工,化学,Standard
7928,旭化学工業,化学,Standard
7931,未来工業,化学,Prime
7932,ニッピ,その他製品,Standard
7936,アシックス,その他製品,Prime
7937,ツツミ,その他製品,Standard
7938,リーガルコーポレーション,その他製品,Standard
7939,研創,その他製品,Standard
7940,ウェーブロックホールディングス,化学,Standard
7942,ＪＳＰ,化学,Prime
7943,ニチハ,ガラス・土石製品,Prime
7944,ローランド,その他製品,Prime
7946,光陽社,その他製品,Standard
7947,エフピコ,化学,Prime
7949,小松ウオール工業,その他製品,Prime
7951,ヤマハ,その他製品,Prime
7952,河合楽器製作所,その他製品,Prime
7953,菊水化学工業,その他製品,Standard
7955,クリナップ,その他製品,Prime
7956,ピジョン,その他製品,Prime
7957,フジコピアン,その他製品,Standard
7962,キングジム,その他製品,Prime
7963,興研,その他製品,Standard
7965,象印マホービン,電気機器,Prime
7966,リンテック,その他製品,Prime
7970,信越ポリマー,化学,Prime
7971,東リ,化学,Standard
7972,イトーキ,その他製品,Prime
7974,任天堂,その他製品,Prime
7975,リヒトラブ,その他製品,Standard
7976,三菱鉛筆,その他製品,Prime
7979,松風,精密機器,Prime
7980,重松製作所,その他製品,Standard
7981,タカラスタンダード,その他製品,Prime
7983,ミロク,その他製品,Standard
7984,コクヨ,その他製品,Prime
7985,ネポン,金属製品,Standard
7986,日本アイ・エス・ケイ,その他製品,Standard
7987,ナカバヤシ,その他製品,Standard
7988,ニフコ,化学,Prime
7989,立川ブラインド工業,金属製品,Prime
7990,グローブライド,その他製品,Prime
7991,マミヤ・オーピー,機械,Standard
7992,セーラー万年筆,その他製品,Standard
7994,オカムラ,その他製品,Prime
7995,バルカー,化学,Prime
7997,くろがね工作所,その他製品,Standard
7999,ＭＵＴＯＨホールディングス,電気機器,Standard
8001,伊藤忠商事,卸売業,Prime
8002,丸紅,卸売業,Prime
8005,スクロール,小売業,Prime
8006,ユアサ・フナショク,卸売業,Standard
8007,高島,卸売業,Prime
8008,ヨンドシーホールディングス,小売業,Prime
8011,三陽商会,繊維製品,Prime
8012,長瀬産業,卸売業,Prime
8013,ナイガイ,繊維製品,Standard
8014,蝶理,卸売業,Prime
8015,豊田通商,卸売業,Prime
8016,オンワードホールディングス,繊維製品,Prime
8018,三共生興,卸売業,Standard
8020,兼松,卸売業,Prime
8022,美津濃,その他製品,Prime
8023,ＤＡＩＫＯ　ＸＴＥＣＨ,情報・通信業,Standard
8025,ツカモトコーポレーション,卸売業,Standard
8029,ルックホールディングス,繊維製品,Standard
8030,中央魚類,卸売業,Standard
8031,三井物産,卸売業,Prime
8032,日本紙パルプ商事,卸売業,Prime
8035,東京エレクトロン,電気機器,Prime
8037,カメイ,卸売業,Prime
8039,築地魚市場,卸売業,Standard
8040,東京ソワール,繊維製品,Standard
8041,ＯＵＧホールディングス,卸売業,Standard
8043,スターゼン,卸売業,Prime
8045,横浜丸魚,卸売業,Standard
8046,丸藤シートパイル,卸売業,Standard
8050,セイコーグループ,精密機器,Prime
8051,山善,卸売業,Prime
8052,椿本興業,卸売業,Prime
8053,住友商事,卸売業,Prime
8056,ＢＩＰＲＯＧＹ,情報・通信業,Prime
8057,内田洋行,卸売業,Prime
8058,三菱商事,卸売業,Prime
8059,第一実業,卸売業,Prime
8060,キヤノンマーケティングジャパン,卸売業,Prime
8061,西華産業,卸売業,Prime
8065,佐藤商事,卸売業,Prime
8066,三谷商事,卸売業,Standard
8070,東京産業,卸売業,Prime
8074,ユアサ商事,卸売業,Prime
8075,神鋼商事,卸売業,Prime
8076,カノークス,卸売業,Standard
8077,トルク,卸売業,Standard
8078,阪和興業,卸売業,Prime
8079,正栄食品工業,卸売業,Prime
8081,カナデン,卸売業,Prime
8084,ＲＹＯＤＥＮ,卸売業,Prime
8085,ナラサキ産業,卸売業,Standard
8086,ニプロ,精密機器,Prime
8088,岩谷産業,卸売業,Prime
8089,ナイス,卸売業,Standard
8091,ニチモウ,卸売業,Prime
8093,極東貿易,卸売業,Prime
8095,アステナホールディングス,卸売業,Prime
8097,三愛オブリ,卸売業,Prime
8098,稲畑産業,卸売業,Prime
8101,ＧＳＩクレオス,卸売業,Prime
8103,明和産業,卸売業,Prime
8104,クワザワホールディングス,卸売業,Standard
8105,Ｂｉｔｃｏｉｎ　Ｊａｐａｎ,卸売業,Standard
8107,キムラタン,繊維製品,Standard
8111,ゴールドウイン,繊維製品,Prime
8113,ユニ・チャーム,化学,Prime
8115,ムーンバット,卸売業,Standard
8117,中央自動車工業,卸売業,Standard
8118,キング,繊維製品,Standard
8119,三栄コーポレーション,卸売業,Standard
8123,川辺,卸売業,Standard
8125,ワキタ,卸売業,Prime
8127,ヤマトインターナショナル,繊維製品,Standard
8129,東邦ホールディングス,卸売業,Prime
8130,サンゲツ,卸売業,Prime
8131,ミツウロコグループホールディングス,卸売業,Standard
8132,シナネンホールディングス,卸売業,Prime
8133,伊藤忠エネクス,卸売業,Prime
8135,ゼット,卸売業,Standard
8136,サンリオ,卸売業,Prime
8137,サンワテクノス,卸売業,Prime
8138,三京化成,卸売業,Standard
8139,ナガホリ,卸売業,Standard
8141,新光商事,卸売業,Prime
8142,トーホー,卸売業,Prime
8143,ラピーヌ,繊維製品,Standard
8144,デンキョーグループホールディングス,卸売業,Standard
8147,トミタ,卸売業,Standard
8150,三信電気,卸売業,Prime
8151,東陽テクニカ,卸売業,Prime
8152,ソマール,卸売業,Standard
8153,モスフードサービス,卸売業,Prime
8154,加賀電子,卸売業,Prime
8157,都築電気,情報・通信業,Prime
8158,ソーダニッカ,卸売業,Prime
8159,立花エレテック,卸売業,Prime
8160,木曽路,小売業,Prime
8163,ＳＲＳホールディングス,小売業,Prime
8165,千趣会,小売業,Standard
8166,タカキュー,小売業,Standard
8167,リテールパートナーズ,小売業,Prime
8173,上新電機,小売業,Prime
8174,日本瓦斯,小売業,Prime
8179,ロイヤルホールディングス,小売業,Prime
8181,東天紅,小売業,Standard
8185,チヨダ,小売業,Prime
8194,ライフコーポレーション,小売業,Prime
8198,マックスバリュ東海,小売業,Standard
8200,リンガーハット,小売業,Prime
8202,ラオックスホールディングス,小売業,Standard
8203,ＭｒＭａｘＨＤ,小売業,Prime
8207,テンアライド,小売業,Standard
8209,フレンドリー,小売業,Standard
8214,ＡＯＫＩホールディングス,小売業,Prime
8217,オークワ,小売業,Prime
8218,コメリ,小売業,Prime
8219,青山商事,小売業,Prime
8225,タカチホ,卸売業,Standard
8226,理経,卸売業,Standard
8227,しまむら,小売業,Prime
8230,はせがわ,小売業,Standard
8233,高島屋,小売業,Prime
8237,松屋,小売業,Prime
8242,エイチ・ツー・オー　リテイリング,小売業,Prime
8244,近鉄百貨店,小売業,Standard
8247,大和,小売業,Standard
8252,丸井グループ,小売業,Prime
8253,クレディセゾン,その他金融業,Prime
8254,さいか屋,小売業,Standard
8255,アクシアル　リテイリング,小売業,Prime
8260,井筒屋,小売業,Standard
8267,イオン,小売業,Prime
8273,イズミ,小売業,Prime
8275,フォーバル,卸売業,Standard
8276,平和堂,小売業,Prime
8278,フジ,小売業,Prime
8281,ゼビオホールディングス,小売業,Prime
8282,ケーズホールディングス,小売業,Prime
8283,ＰＡＬＴＡＣ,卸売業,Prime
8285,三谷産業,卸売業,Standard
8289,Ｏｌｙｍｐｉｃグループ,小売業,Standard
8291,日産東京販売ホールディングス,小売業,Standard
8303,ＳＢＩ新生銀行,銀行業,Prime
8304,あおぞら銀行,銀行業,Prime
8306,三菱ＵＦＪフィナンシャル・グループ,銀行業,Prime
8308,りそなホールディングス,銀行業,Prime
8309,三井住友トラストグループ,銀行業,Prime
8316,三井住友フィナンシャルグループ,銀行業,Prime
8331,千葉銀行,銀行業,Prime
8334,群馬銀行,銀行業,Prime
8336,武蔵野銀行,銀行業,Prime
8337,千葉興業銀行,銀行業,Prime
8338,筑波銀行,銀行業,Prime
8341,七十七銀行,銀行業,Prime
8343,秋田銀行,銀行業,Prime
8344,山形銀行,銀行業,Prime
8345,岩手銀行,銀行業,Prime
8346,東邦銀行,銀行業,Prime
8349,東北銀行,銀行業,Standard
8354,ふくおかフィナンシャルグループ,銀行業,Prime
8358,スルガ銀行,銀行業,Prime
8359,八十二長野銀行,銀行業,Prime
8360,山梨中央銀行,銀行業,Prime
8361,大垣共立銀行,銀行業,Prime
8362,福井銀行,銀行業,Prime
8364,清水銀行,銀行業,Prime
8365,富山銀行,銀行業,Standard
8366,滋賀銀行,銀行業,Prime
8367,南都銀行,銀行業,Prime
8368,百五銀行,銀行業,Prime
8370,紀陽銀行,銀行業,Prime
8377,ほくほくフィナンシャルグループ,銀行業,Prime
8381,山陰合同銀行,銀行業,Prime
8383,鳥取銀行,銀行業,Standard
8386,百十四銀行,銀行業,Prime
8387,四国銀行,銀行業,Prime
8388,阿波銀行,銀行業,Prime
8392,大分銀行,銀行業,Prime
8393,宮崎銀行,銀行業,Prime
8395,佐賀銀行,銀行業,Prime
8399,琉球銀行,銀行業,Prime
8410,セブン銀行,銀行業,Prime
8411,みずほフィナンシャルグループ,銀行業,Prime
8416,高知銀行,銀行業,Standard
8418,山口フィナンシャルグループ,銀行業,Prime
8424,芙蓉総合リース,その他金融業,Prime
8425,みずほリース,その他金融業,Prime
8439,東京センチュリー,その他金融業,Prime
8473,ＳＢＩホールディングス,証券、商品先物取引業,Prime
8508,Ｊトラスト,その他金融業,Standard
8511,日本証券金融,その他金融業,Prime
8518,日本アジア投資,証券、商品先物取引業,Standard
8522,名古屋銀行,銀行業,Prime
8524,北洋銀行,銀行業,Prime
8537,大光銀行,銀行業,Standard
8541,愛媛銀行,銀行業,Prime
8542,トマト銀行,銀行業,Standard
8544,京葉銀行,銀行業,Prime
8550,栃木銀行,銀行業,Prime
8551,北日本銀行,銀行業,Prime
8558,東和銀行,銀行業,Prime
8562,福島銀行,銀行業,Standard
8563,大東銀行,銀行業,Standard
8566,リコーリース,その他金融業,Prime
8570,イオンフィナンシャルサービス,その他金融業,Prime
8572,アコム,その他金融業,Standard
8584,ジャックス,その他金融業,Prime
8585,オリエントコーポレーション,その他金融業,Prime
8591,オリックス,その他金融業,Prime
8593,三菱ＨＣキャピタル,その他金融業,Prime
8595,ジャフコ　グループ,証券、商品先物取引業,Prime
8596,九州リースサービス,その他金融業,Standard
8600,トモニホールディングス,銀行業,Prime
8601,大和証券グループ本社,証券、商品先物取引業,Prime
8604,野村ホールディングス,証券、商品先物取引業,Prime
8609,岡三証券グループ,証券、商品先物取引業,Prime
8613,丸三証券,証券、商品先物取引業,Prime
8614,東洋証券,証券、商品先物取引業,Prime
8616,東海東京フィナンシャル・ホールディングス,証券、商品先物取引業,Prime
8617,光世証券,証券、商品先物取引業,Standard
8622,水戸証券,証券、商品先物取引業,Prime
8624,いちよし証券,証券、商品先物取引業,Prime
8628,松井証券,証券、商品先物取引業,Prime
8630,ＳＯＭＰＯホールディングス,保険業,Prime
8697,日本取引所グループ,その他金融業,Prime
8698,マネックスグループ,証券、商品先物取引業,Prime
8699,ＨＳホールディングス,証券、商品先物取引業,Standard
8700,丸八証券,証券、商品先物取引業,Standard
8704,トレイダーズホールディングス,証券、商品先物取引業,Standard
8705,日産証券グループ,証券、商品先物取引業,Standard
8706,極東証券,証券、商品先物取引業,Prime
8707,岩井コスモホールディングス,証券、商品先物取引業,Prime
8708,アイザワ証券グループ,証券、商品先物取引業,Prime
8713,フィデアホールディングス,銀行業,Prime
8714,池田泉州ホールディングス,銀行業,Prime
8715,アニコム　ホールディングス,保険業,Prime
8725,ＭＳ＆ＡＤインシュアランスグループホールディングス,保険業,Prime
8729,ソニーフィナンシャルグループ,保険業,Prime
8737,あかつき本社,証券、商品先物取引業,Standard
8739,スパークス・グループ,証券、商品先物取引業,Prime
8742,小林洋行,証券、商品先物取引業,Standard
8746,ｕｎｂａｎｋｅｄ,証券、商品先物取引業,Standard
8747,豊トラスティ証券,証券、商品先物取引業,Standard
8750,第一生命ホールディングス,保険業,Prime
8766,東京海上ホールディングス,保険業,Prime
8769,アドバンテッジリスクマネジメント,サービス業,Standard
8771,イー・ギャランティ,その他金融業,Prime
8772,アサックス,その他金融業,Standard
8783,ａｂｃ,その他金融業,Standard
8789,フィンテック　グローバル,その他金融業,Standard
8793,ＮＥＣキャピタルソリューション,その他金融業,Prime
8795,Ｔ＆Ｄホールディングス,保険業,Prime
8798,アドバンスクリエイト,保険業,Prime
8801,三井不動産,不動産業,Prime
8802,三菱地所,不動産業,Prime
8803,平和不動産,不動産業,Prime
8804,東京建物,不動産業,Prime
8818,京阪神ビルディング,不動産業,Prime
8830,住友不動産,不動産業,Prime
8835,太平洋興発,卸売業,Standard
8836,ＲＩＳＥ,不動産業,Standard
8841,テーオーシー,不動産業,Standard
8844,コスモスイニシア,不動産業,Standard
8848,レオパレス２１,不動産業,Prime
8850,スターツコーポレーション,不動産業,Prime
8860,フジ住宅,不動産業,Prime
8864,空港施設,不動産業,Standard
8869,明和地所,不動産業,Standard
8871,ゴールドクレスト,不動産業,Standard
8876,リログループ,サービス業,Prime
8877,エスリード,不動産業,Prime
8881,日神グループホールディングス,不動産業,Prime
8887,シーラホールディングス,不動産業,Standard
8891,ＡＭＧホールディングス,不動産業,Standard
8892,エスコン,不動産業,Prime
8894,ＲＥＶＯＬＵＴＩＯＮ,不動産業,Standard
8897,ＭＩＲＡＲＴＨホールディングス,不動産業,Prime
8898,センチュリー２１・ジャパン,不動産業,Standard
8904,ＡＶＡＮＴＩＡ,不動産業,Standard
8908,毎日コムネット,不動産業,Standard
8912,エリアクエスト,不動産業,Standard
8914,エリアリンク,不動産業,Standard
8917,ファースト住建,不動産業,Standard
8918,ランド,不動産業,Standard
8919,カチタス,不動産業,Prime
8920,東祥,サービス業,Standard
8921,シーズクリエイト,不動産業,Other
8923,トーセイ,不動産業,Prime
8927,明豊エンタープライズ,不動産業,Standard
8928,穴吹興産,不動産業,Standard
8929,青山財産ネットワークス,不動産業,Standard
8931,和田興産,不動産業,Standard
8934,サンフロンティア不動産,不動産業,Prime
8935,ＦＪネクストホールディングス,不動産業,Prime
8938,グローム・ホールディングス,不動産業,Growth
8944,ランドビジネス,不動産業,Standard
8945,サンネクスタグループ,不動産業,Standard
8946,ＡＳＩＡＮ　ＳＴＡＲ,不動産業,Standard
8995,誠建設工業,不動産業,Standard
8996,ハウスフリーダム,不動産業,Standard
8999,グランディハウス,不動産業,Prime
9001,東武鉄道,陸運業,Prime
9003,相鉄ホールディングス,陸運業,Prime
9005,東急,陸運業,Prime
9006,京浜急行電鉄,陸運業,Prime
9007,小田急電鉄,陸運業,Prime
9008,京王電鉄,陸運業,Prime
9009,京成電鉄,陸運業,Prime
9010,富士急行,陸運業,Prime
9012,秩父鉄道,陸運業,Standard
9017,新潟交通,陸運業,Standard
9020,東日本旅客鉄道,陸運業,Prime
9021,西日本旅客鉄道,陸運業,Prime
9022,東海旅客鉄道,陸運業,Prime
9023,東京地下鉄,陸運業,Prime
9024,西武ホールディングス,陸運業,Prime
9025,鴻池運輸,陸運業,Prime
9028,ゼロ,陸運業,Standard
9029,ヒガシホールディングス,陸運業,Standard
9031,西日本鉄道,陸運業,Prime
9033,広島電鉄,陸運業,Standard
9034,南総通運,陸運業,Standard
9036,東部ネットワーク,陸運業,Standard
9037,ハマキョウレックス,陸運業,Prime
9039,サカイ引越センター,陸運業,Prime
9041,近鉄グループホールディングス,陸運業,Prime
9042,阪急阪神ホールディングス,陸運業,Prime
9044,南海電気鉄道,陸運業,Prime
9045,京阪ホールディングス,陸運業,Prime
9046,神戸電鉄,陸運業,Prime
9048,名古屋鉄道,陸運業,Prime
9049,京福電気鉄道,陸運業,Standard
9051,センコン物流,陸運業,Standard
9052,山陽電気鉄道,陸運業,Prime
9057,遠州トラック,陸運業,Standard
9059,カンダホールディングス,陸運業,Standard
9060,日本ロジテム,陸運業,Standard
9063,岡山県貨物運送,陸運業,Standard
9064,ヤマトホールディングス,陸運業,Prime
9065,山九,陸運業,Prime
9067,丸運,陸運業,Standard
9068,丸全昭和運輸,陸運業,Prime
9069,センコーグループホールディングス,陸運業,Prime
9072,ニッコンホールディングス,陸運業,Prime
9073,京極運輸商事,陸運業,Standard
9074,日本石油輸送,陸運業,Standard
9075,福山通運,陸運業,Prime
9076,セイノーホールディングス,陸運業,Prime
9081,神奈川中央交通,陸運業,Prime
9082,大和自動車交通,陸運業,Standard
9083,神姫バス,陸運業,Standard
9087,タカセ,陸運業,Standard
9090,ＡＺ－ＣＯＭ丸和ホールディングス,陸運業,Prime
9101,日本郵船,海運業,Prime
9104,商船三井,海運業,Prime
9107,川崎汽船,海運業,Prime
9110,ＮＳユナイテッド海運,海運業,Prime
9115,明海グループ,海運業,Standard
9119,飯野海運,海運業,Prime
9127,玉井商船,海運業,Standard
9130,共栄タンカー,海運業,Standard
9142,九州旅客鉄道,陸運業,Prime
9143,ＳＧホールディングス,陸運業,Prime
9145,ビーイングホールディングス,陸運業,Standard
9146,五健堂ホールディングス,陸運業,Other
9147,ＮＩＰＰＯＮ　ＥＸＰＲＥＳＳホールディングス,陸運業,Prime
9149,大友ロジスティクスサービス,陸運業,Other
9156,はなホールディングス,サービス業,Other
9158,シーユーシー,サービス業,Growth
9159,Ｗ　ＴＯＫＹＯ,サービス業,Growth
9160,ノバレーゼ,サービス業,Standard
9162,ブリーチ,サービス業,Growth
9163,ナレルグループ,サービス業,Growth
9165,クオルテック,サービス業,Growth
9166,ＧＥＮＤＡ,サービス業,Growth
9168,ライズ・コンサルティング・グループ,サービス業,Growth
9169,大伸社,サービス業,Other
9171,栗林商船,海運業,Standard
9173,東海汽船,海運業,Standard
9193,東京汽船,倉庫・運輸関連業,Standard
9201,日本航空,空運業,Prime
9202,ＡＮＡホールディングス,空運業,Prime
9202,ＡＮＡホールディングス第１回社債型種類株式,空運業,Prime
9204,スカイマーク,空運業,Growth
9206,スターフライヤー,空運業,Standard
9211,エフ・コード,サービス業,Growth
9212,Ｇｒｅｅｎ　Ｅａｒｔｈ　Ｉｎｓｔｉｔｕｔｅ,サービス業,Growth
9213,セイファート,サービス業,Standard
9214,Ｒｅｃｏｖｅｒｙ　Ｉｎｔｅｒｎａｔｉｏｎａｌ,サービス業,Growth
9215,ＣａＳｙ,サービス業,Growth
9216,ビーウィズ,サービス業,Prime
9218,メンタルヘルステクノロジーズ,サービス業,Growth
9219,ギックス,サービス業,Growth
9220,エフビー介護サービス,サービス業,Standard
9221,フルハシＥＰＯ,サービス業,Standard
9222,ｍａｎａｂｙ,サービス業,Other
9223,ＡＳＮＯＶＡ,サービス業,Growth
9225,ブリッジコンサルティンググループ,サービス業,Growth
9226,アイガー,サービス業,Other
9227,マイクロ波化学,サービス業,Growth
9229,サンウェルズ,サービス業,Prime
9233,アジア航測,空運業,Standard
9235,売れるネット広告社グループ,サービス業,Growth
9236,ジャパンＭ＆Ａソリューション,サービス業,Growth
9237,笑美面,サービス業,Growth
9238,バリュークリエーション,サービス業,Growth
9239,ケーイーティ,サービス業,Other
9240,デリバリーコンサルティング,サービス業,Growth
9241,フューチャーリンクネットワーク,サービス業,Growth
9242,メディア総研,サービス業,Growth
9243,富士テクノホールディングス,サービス業,Other
9244,デジタリフト,サービス業,Growth
9245,リベロ,サービス業,Growth
9246,プロジェクトホールディングス,サービス業,Growth
9247,ＴＲＥホールディングス,サービス業,Prime
9248,人・夢・技術グループ,サービス業,Standard
9249,日本エコシステム,サービス業,Standard
9250,ＧＲＣＳ,サービス業,Growth
9251,ＡＢ＆Ｃｏｍｐａｎｙ,サービス業,Growth
9252,ラストワンマイル,サービス業,Growth
9253,スローガン,サービス業,Growth
9254,ラバブルマーケティンググループ,サービス業,Growth
9256,サクシード,サービス業,Growth
9257,ＹＣＰホールディングス（グローバル）リミテッド　ＪＤＲ,サービス業,Growth
9258,ＣＳ－Ｃ,サービス業,Growth
9259,タカヨシホールディングス,サービス業,Growth
9262,シルバーライフ,小売業,Standard
9264,ポエック,卸売業,Standard
9265,ヤマシタヘルスケアホールディングス,卸売業,Standard
9267,Ｇｅｎｋｙ　ＤｒｕｇＳｔｏｒｅｓ,小売業,Prime
9268,オプティマスグループ,卸売業,Standard
9270,バリュエンスホールディングス,卸売業,Growth
9271,和心,小売業,Growth
9272,ブティックス,サービス業,Growth
9273,コーア商事ホールディングス,卸売業,Prime
9274,ＫＰＰグループホールディングス,卸売業,Prime
9278,ブックオフグループホールディングス,小売業,Prime
9279,ギフトホールディングス,小売業,Prime
9301,三菱倉庫,倉庫・運輸関連業,Prime
9302,三井倉庫ホールディングス,倉庫・運輸関連業,Prime
9303,住友倉庫,倉庫・運輸関連業,Prime
9304,澁澤倉庫,倉庫・運輸関連業,Prime
9305,ヤマタネ,卸売業,Prime
9306,東陽倉庫,倉庫・運輸関連業,Standard
9307,杉村倉庫,倉庫・運輸関連業,Standard
9308,乾汽船,海運業,Standard
9310,日本トランスシティ,倉庫・運輸関連業,Prime
9311,アサガミ,倉庫・運輸関連業,Standard
9312,ケイヒン,倉庫・運輸関連業,Standard
9313,丸八倉庫,倉庫・運輸関連業,Standard
9319,中央倉庫,倉庫・運輸関連業,Prime
9322,川西倉庫,倉庫・運輸関連業,Standard
9324,安田倉庫,倉庫・運輸関連業,Prime
9325,ファイズホールディングス,倉庫・運輸関連業,Standard
9326,関通,倉庫・運輸関連業,Growth
9327,イー・ロジット,倉庫・運輸関連業,Standard
9330,揚羽,サービス業,Growth
9331,キャスター,サービス業,Growth
9332,ＮＩＳＳＯホールディングス,サービス業,Prime
9334,アイビスホールディングス,サービス業,Other
9335,テクノクリエイティブ,サービス業,Other
9336,大栄環境,サービス業,Prime
9337,トリドリ,サービス業,Growth
9338,ＩＮＦＯＲＩＣＨ,サービス業,Growth
9339,コーチ・エィ,サービス業,Standard
9340,アソインターナショナル,サービス業,Standard
9341,ＧＥＮＯＶＡ,サービス業,Prime
9342,スマサポ,サービス業,Growth
9343,アイビス,サービス業,Growth
9344,アクシスコンサルティング,サービス業,Growth
9345,ビズメイツ,サービス業,Growth
9346,ココルポート,サービス業,Growth
9347,日本管財ホールディングス,サービス業,Prime
9348,ｉｓｐａｃｅ,サービス業,Growth
9351,東洋埠頭,倉庫・運輸関連業,Standard
9353,櫻島埠頭,倉庫・運輸関連業,Standard
9355,リンコーコーポレーション,倉庫・運輸関連業,Standard
9360,鈴与シンワート,情報・通信業,Standard
9361,伏木海陸運送,倉庫・運輸関連業,Standard
9362,兵機海運,倉庫・運輸関連業,Standard
9363,大運,倉庫・運輸関連業,Standard
9364,上組,倉庫・運輸関連業,Prime
9365,トレーディア,倉庫・運輸関連業,Standard
9366,サンリツ,倉庫・運輸関連業,Standard
9367,大東港運,倉庫・運輸関連業,Standard
9368,キムラユニティー,倉庫・運輸関連業,Standard
9369,キユーソー流通システム,倉庫・運輸関連業,Standard
9376,ユーラシア旅行社,サービス業,Standard
9380,東海運,倉庫・運輸関連業,Standard
9381,エーアイテイー,倉庫・運輸関連業,Prime
9385,ショーエイコーポレーション,化学,Standard
9399,ビート・ホールディングス・リミテッド,情報・通信業,Standard
9401,ＴＢＳホールディングス,情報・通信業,Prime
9404,日本テレビホールディングス,情報・通信業,Prime
9405,朝日放送グループホールディングス,情報・通信業,Prime
9408,ＢＳＮメディアホールディングス,情報・通信業,Standard
9409,テレビ朝日ホールディングス,情報・通信業,Prime
9412,スカパーＪＳＡＴホールディングス,情報・通信業,Prime
9413,テレビ東京ホールディングス,情報・通信業,Prime
9414,日本ＢＳ放送,情報・通信業,Standard
9416,ビジョン,情報・通信業,Prime
9417,スマートバリュー,情報・通信業,Standard
9418,Ｕ－ＮＥＸＴ　ＨＯＬＤＩＮＧＳ,情報・通信業,Prime
9419,ワイヤレスゲート,情報・通信業,Standard
9421,エヌジェイホールディングス,情報・通信業,Standard
9423,フォーバル・リアルストレート,情報・通信業,Standard
9424,日本通信,情報・通信業,Prime
9425,ＲｅＹｕｕ　Ｊａｐａｎ,情報・通信業,Standard
9428,クロップス,情報・通信業,Standard
9432,ＮＴＴ,情報・通信業,Prime
9433,ＫＤＤＩ,情報・通信業,Prime
9434,ソフトバンク,情報・通信業,Prime
9434,ソフトバンク第１回社債型種類株式,情報・通信業,Prime
9434,ソフトバンク第２回社債型種類株式,情報・通信業,Prime
9435,光通信,情報・通信業,Prime
9436,沖縄セルラー電話,情報・通信業,Standard
9438,エムティーアイ,情報・通信業,Prime
9439,エム・エイチ・グループ,サービス業,Standard
9441,ベルパーク,情報・通信業,Standard
9444,トーシンホールディングス,情報・通信業,Standard
9445,フォーバルテレコム,情報・通信業,Standard
9446,サカイホールディングス,情報・通信業,Standard
9449,ＧＭＯインターネットグループ,情報・通信業,Prime
9450,ファイバーゲート,情報・通信業,Standard
9466,アイドママーケティングコミュニケーション,情報・通信業,Standard
9467,アルファポリス,情報・通信業,Growth
9468,ＫＡＤＯＫＡＷＡ,情報・通信業,Prime
9470,学研ホールディングス,情報・通信業,Prime
9474,ゼンリン,情報・通信業,Prime
9475,昭文社ホールディングス,情報・通信業,Standard
9476,中央経済社ホールディングス,情報・通信業,Standard
9478,ＳＥホールディングス・アンド・インキュベーションズ,情報・通信業,Standard
9501,東京電力ホールディングス,電気・ガス業,Prime
9502,中部電力,電気・ガス業,Prime
9503,関西電力,電気・ガス業,Prime
9504,中国電力,電気・ガス業,Prime
9505,北陸電力,電気・ガス業,Prime
9506,東北電力,電気・ガス業,Prime
9507,四国電力,電気・ガス業,Prime
9508,九州電力,電気・ガス業,Prime
9509,北海道電力,電気・ガス業,Prime
9511,沖縄電力,電気・ガス業,Prime
9513,電源開発,電気・ガス業,Prime
9514,エフオン,電気・ガス業,Standard
9517,イーレックス,電気・ガス業,Prime
9519,レノバ,電気・ガス業,Prime
9531,東京瓦斯,電気・ガス業,Prime
9532,大阪瓦斯,電気・ガス業,Prime
9533,東邦瓦斯,電気・ガス業,Prime
9534,北海道瓦斯,電気・ガス業,Prime
9535,広島ガス,電気・ガス業,Prime
9536,西部ガスホールディングス,電気・ガス業,Prime
9537,北陸瓦斯,電気・ガス業,Standard
9539,京葉瓦斯,電気・ガス業,Standard
9543,静岡ガス,電気・ガス業,Prime
9551,メタウォーター,電気・ガス業,Prime
9552,クオンツ総研ホールディングス,サービス業,Prime
9553,マイクロアド,サービス業,Growth
9554,ＡＶｉＣ,サービス業,Growth
9556,ＩＮＴＬＯＯＰ,サービス業,Growth
9557,エアークローゼット,サービス業,Growth
9558,ジャパニアス,サービス業,Growth
9560,プログリット,サービス業,Growth
9561,グラッドキューブ,サービス業,Growth
9562,ビジネスコーチ,サービス業,Growth
9563,Ａｔｌａｓ　Ｔｅｃｈｎｏｌｏｇｉｅｓ,サービス業,Growth
9564,ＦＣＥ,サービス業,Standard
9565,ＧＬＯＥ,サービス業,Growth
9601,松竹,情報・通信業,Prime
9602,東宝,情報・通信業,Prime
9603,エイチ・アイ・エス,サービス業,Prime
9605,東映,情報・通信業,Prime
9610,ウィルソン・ラーニング　ワールドワイド,サービス業,Standard
9612,ラックランド,サービス業,Prime
9616,共立メンテナンス,サービス業,Prime
9619,イチネンホールディングス,サービス業,Prime
9621,建設技術研究所,サービス業,Prime
9622,スペース,サービス業,Prime
9625,セレスポ,サービス業,Standard
9627,アインホールディングス,小売業,Prime
9628,燦ホールディングス,サービス業,Prime
9629,ピー・シー・エー,情報・通信業,Prime
9632,スバル興業,サービス業,Standard
9633,東京テアトル,不動産業,Standard
9635,武蔵野興業,サービス業,Standard
9636,きんえい,サービス業,Standard
9639,三協フロンテア,サービス業,Standard
9640,セゾンテクノロジー,情報・通信業,Standard
9644,タナベコンサルティンググループ,サービス業,Prime
9647,協和コンサルタンツ,サービス業,Standard
9651,日本プロセス,情報・通信業,Standard
9656,グリーンランドリゾート,サービス業,Standard
9658,ビジネスブレイン太田昭和,情報・通信業,Prime
9661,歌舞伎座,サービス業,Standard
9663,ナガワ,サービス業,Prime
9672,東京都競馬,サービス業,Prime
9678,カナモト,サービス業,Prime
9679,ホウライ,サービス業,Standard
9682,ＤＴＳ,情報・通信業,Prime
9684,スクウェア・エニックス・ホールディングス,情報・通信業,Prime
9685,ＫＹＣＯＭホールディングス,情報・通信業,Standard
9686,東洋テック,サービス業,Standard
9687,ＫＳＫ,情報・通信業,Standard
9691,両毛システムズ,情報・通信業,Standard
9692,シーイーシー,情報・通信業,Prime
9697,カプコン,情報・通信業,Prime
9698,クレオ,情報・通信業,Standard
9699,ニシオホールディングス,サービス業,Prime
9701,東京會舘,サービス業,Standard
9702,アイ・エス・ビー,情報・通信業,Prime
9704,アゴーラ　ホスピタリティー　グループ,サービス業,Standard
9706,日本空港ビルデング,不動産業,Prime
9708,帝国ホテル,サービス業,Standard
9709,ＮＣＳ＆Ａ,情報・通信業,Standard
9713,ロイヤルホテル,サービス業,Standard
9715,トランス・コスモス,サービス業,Prime
9716,乃村工藝社,サービス業,Prime
9720,ホテル、ニューグランド,サービス業,Standard
9722,藤田観光,サービス業,Prime
9723,京都ホテル,サービス業,Standard
9726,ＫＮＴ－ＣＴホールディングス,サービス業,Standard
9729,トーカイ,サービス業,Prime
9731,白洋舎,サービス業,Standard
9733,ナガセ,サービス業,Standard
9735,セコム,サービス業,Prime
9739,ＮＳＷ,情報・通信業,Prime
9740,セントラル警備保障,サービス業,Prime
9742,アイネス,情報・通信業,Prime
9743,丹青社,サービス業,Prime
9744,メイテックグループホールディングス,サービス業,Prime
9746,ＴＫＣ,情報・通信業,Prime
9753,アイエックス・ナレッジ,情報・通信業,Standard
9755,応用地質,サービス業,Prime
9757,船井総研ホールディングス,サービス業,Prime
9759,ＮＳＤ,情報・通信業,Prime
9760,進学会ホールディングス,サービス業,Standard
9761,東海リース,サービス業,Standard
9763,丸建リース,卸売業,Standard
9765,オオバ,サービス業,Prime
9766,コナミグループ,情報・通信業,Prime
9767,日建工学,サービス業,Standard
9768,いであ,サービス業,Standard
9769,学究社,サービス業,Prime
9778,昴,サービス業,Standard
9780,ハリマビステム,サービス業,Standard
9782,ディーエムエス,サービス業,Standard
9788,ナック,サービス業,Prime
9790,福井コンピュータホールディングス,情報・通信業,Prime
9791,ビケンテクノ,サービス業,Standard
9793,ダイセキ,サービス業,Prime
9795,ステップ,サービス業,Prime
9799,旭情報サービス,情報・通信業,Standard
9812,テーオーホールディングス,卸売業,Standard
9816,ストライダーズ,不動産業,Standard
9818,大丸エナウィン,卸売業,Standard
9820,エムティジェネックス,不動産業,Standard
9823,マミーマートホールディングス,小売業,Standard
9824,泉州電業,卸売業,Prime
9827,リリカラ,卸売業,Standard
9828,Ｇｅｎｋｉ　Ｇｌｏｂａｌ　Ｄｉｎｉｎｇ　Ｃｏｎｃｅｐｔｓ,小売業,Standard
9830,トラスコ中山,卸売業,Prime
9831,ヤマダホールディングス,小売業,Prime
9832,オートバックスセブン,卸売業,Prime
9835,ジュンテンドー,小売業,Standard
9837,モリト,卸売業,Prime
9842,アークランズ,小売業,Prime
9843,ニトリホールディングス,小売業,Prime
9845,パーカーコーポレーション,化学,Standard
9846,天満屋ストア,小売業,Standard
9849,共同紙販ホールディングス,卸売業,Standard
9850,グルメ杵屋,小売業,Prime
9853,銀座ルノアール,小売業,Standard
9854,愛眼,小売業,Standard
9856,ケーユーホールディングス,小売業,Standard
9857,英和,卸売業,Standard
9861,吉野家ホールディングス,小売業,Prime
9867,ソレキア,卸売業,Standard
9869,加藤産業,卸売業,Prime
9872,北恵,卸売業,Standard
9876,コックス,小売業,Standard
9878,セキド,小売業,Standard
9880,イノテック,電気機器,Prime
9882,イエローハット,卸売業,Prime
9885,シャルレ,卸売業,Standard
9887,松屋フーズホールディングス,小売業,Prime
9888,ＵＥＸ,卸売業,Standard
9889,ＪＢＣＣホールディングス,情報・通信業,Prime
9890,マキヤ,小売業,Standard
9895,コンセック,卸売業,Standard
9896,ＪＫホールディングス,卸売業,Standard
9900,サガミホールディングス,小売業,Prime
9902,日伝,卸売業,Prime
9903,カンセキ,小売業,Standard
9904,ベリテ,小売業,Standard
9906,藤井産業,卸売業,Standard
9908,日本電計,卸売業,Standard
9913,日邦産業,卸売業,Standard
9914,植松商会,卸売業,Standard
9927,ワットマン,小売業,Standard
9928,ミロク情報サービス,情報・通信業,Prime
9929,平和紙業,卸売業,Standard
9930,北沢産業,卸売業,Standard
9932,杉本商事,卸売業,Prime
9934,因幡電機産業,卸売業,Prime
9936,王将フードサービス,小売業,Prime
9941,太洋物産,卸売業,Standard
9946,ミニストップ,小売業,Prime
9948,アークス,小売業,Prime
9950,ハチバン,小売業,Standard
9955,ヨンキュウ,卸売業,Standard
9956,バローホールディングス,小売業,Prime
9959,アシードホールディングス,小売業,Standard
9960,東テク,卸売業,Prime
9962,ミスミグループ本社,卸売業,Prime
9969,ショクブン,小売業,Standard
9972,アルテック,卸売業,Standard
9973,ＫＯＺＯホールディングス,小売業,Standard
9974,ベルク,小売業,Prime
9976,セキチュー,小売業,Standard
9978,文教堂グループホールディングス,小売業,Standard
9979,大庄,小売業,Standard
9980,ＭＲＫホールディングス,小売業,Standard
9982,タキヒヨー,卸売業,Standard
9983,ファーストリテイリング,小売業,Prime
9984,ソフトバンクグループ,情報・通信業,Prime
9986,蔵王産業,卸売業,Standard
9987,スズケン,卸売業,Prime
9989,サンドラッグ,小売業,Prime
9990,サックスバー　ホールディングス,小売業,Prime
9991,ジェコス,卸売業,Prime
9993,ヤマザワ,小売業,Standard
9994,やまや,小売業,Standard
9996,サトー商会,卸売業,Standard
9997,ベルーナ,小売業,Prime
